{
  "resourceType" : "Patient",
  "id" : "PatientExample200302022389",
  "meta" : {
    "profile" : ["http://hl7.se/fhir/ig/base/StructureDefinition/SEBasePatient"]
  },
  "text" : {
    "status" : "generated",
    "div" : "<div xmlns=\"http://www.w3.org/1999/xhtml\"><p class=\"res-header-id\"><b>Generated Narrative: Patient PatientExample200302022389</b></p><a name=\"PatientExample200302022389\"> </a><a name=\"hcPatientExample200302022389\"> </a><a name=\"PatientExample200302022389-sv-SE\"> </a><div style=\"display: inline-block; background-color: #d9e0e7; padding: 6px; margin: 4px; border: 1px solid #8da1b4; border-radius: 5px; line-height: 60%\"><p style=\"margin-bottom: 0px\"/><p style=\"margin-bottom: 0px\">Profile: <a href=\"StructureDefinition-SEBasePatient.html\">SE base profil for patient</a></p></div><p style=\"border: 1px #661aff solid; background-color: #e6e6ff; padding: 10px;\">Katja Hennig(official) Female, DoB: 2003-02-02 ( http://electronichealth.se/identifier/personnummer#200302022389)</p><hr/><table class=\"grid\"><tr><td style=\"background-color: #f3f5da\" title=\"Known Marital status of Patient\">Marital Status:</td><td colspan=\"3\"><span title=\"Codes:{http://terminology.hl7.org/CodeSystem/v3-MaritalStatus U}\">Unmarried</span></td></tr><tr><td style=\"background-color: #f3f5da\" title=\"Ways to contact the Patient\">Contact Detail</td><td colspan=\"3\">Södra vägen 5 Trollhättan 46144 </td></tr></table></div>"
  },
  "identifier" : [{
    "system" : "http://electronichealth.se/identifier/personnummer",
    "value" : "200302022389"
  }],
  "name" : [{
    "use" : "official",
    "text" : "Katja Hennig",
    "family" : "Hennig",
    "given" : ["Katja"]
  }],
  "gender" : "female",
  "birthDate" : "2003-02-02",
  "address" : [{
    "extension" : [{
      "url" : "http://hl7.se/fhir/ig/base/StructureDefinition/SEBaseAddressPersonExtension",
      "valueCodeableConcept" : {
        "coding" : [{
          "system" : "http://snomed.info/sct",
          "version" : "http://snomed.info/sct/45991000052106",
          "code" : "63381000052101",
          "display" : "folkbokföringsadress"
        }]
      }
    }],
    "line" : ["Södra vägen 5"],
    "city" : "Trollhättan",
    "postalCode" : "46144"
  }],
  "maritalStatus" : {
    "coding" : [{
      "system" : "http://terminology.hl7.org/CodeSystem/v3-MaritalStatus",
      "code" : "U",
      "display" : "Unmarried"
    }]
  }
}