{
  "resourceType" : "Patient",
  "id" : "PatientExample189002029800",
  "meta" : {
    "profile" : ["http://hl7.se/fhir/ig/base/StructureDefinition/SEBasePatient"]
  },
  "text" : {
    "status" : "generated",
    "div" : "<div xmlns=\"http://www.w3.org/1999/xhtml\"><p class=\"res-header-id\"><b>Generated Narrative: Patient PatientExample189002029800</b></p><a name=\"PatientExample189002029800\"> </a><a name=\"hcPatientExample189002029800\"> </a><a name=\"PatientExample189002029800-sv-SE\"> </a><div style=\"display: inline-block; background-color: #d9e0e7; padding: 6px; margin: 4px; border: 1px solid #8da1b4; border-radius: 5px; line-height: 60%\"><p style=\"margin-bottom: 0px\"/><p style=\"margin-bottom: 0px\">Profile: <a href=\"StructureDefinition-SEBasePatient.html\">SE base profil for patient</a></p></div><p style=\"border: 1px #661aff solid; background-color: #e6e6ff; padding: 10px;\">Albertina VGR Hammar(official) Female, DoB: 1890-02-02 ( http://electronichealth.se/identifier/personnummer#189002029800)</p><hr/><table class=\"grid\"><tr><td style=\"background-color: #f3f5da\" title=\"Known Marital status of Patient\">Marital Status:</td><td colspan=\"3\"><span title=\"Codes:{http://terminology.hl7.org/CodeSystem/v3-MaritalStatus M}\">Married</span></td></tr><tr><td style=\"background-color: #f3f5da\" title=\"Ways to contact the Patient\">Contact Detail</td><td colspan=\"3\">Haga Östergata GÖTEBORG 41301 </td></tr></table></div>"
  },
  "identifier" : [{
    "system" : "http://electronichealth.se/identifier/personnummer",
    "value" : "189002029800"
  }],
  "name" : [{
    "extension" : [{
      "url" : "http://hl7.se/fhir/ig/base/StructureDefinition/SEBaseMiddleNameExtension",
      "valueString" : "VGR"
    },
    {
      "url" : "http://hl7.se/fhir/ig/base/StructureDefinition/SEBaseOwnFamilyExtension",
      "valueString" : "Hammar"
    }],
    "use" : "official",
    "text" : "Albertina VGR Hammar",
    "family" : "VGR Hammar",
    "given" : ["Albertina"]
  }],
  "gender" : "female",
  "birthDate" : "1890-02-02",
  "address" : [{
    "extension" : [{
      "url" : "http://hl7.se/fhir/ig/base/StructureDefinition/SEBaseAddressPersonExtension",
      "valueCodeableConcept" : {
        "coding" : [{
          "system" : "http://snomed.info/sct",
          "version" : "http://snomed.info/sct/45991000052106",
          "code" : "63381000052101",
          "display" : "folkbokföringsadress"
        }]
      }
    }],
    "line" : ["Haga Östergata"],
    "city" : "GÖTEBORG",
    "postalCode" : "41301"
  }],
  "maritalStatus" : {
    "coding" : [{
      "system" : "http://terminology.hl7.org/CodeSystem/v3-MaritalStatus",
      "code" : "M",
      "display" : "Married"
    }]
  }
}