<?xml version="1.0" encoding="UTF-8"?>

<Patient xmlns="http://hl7.org/fhir">
  <id value="PatientExample200302022389"/>
  <meta>
    <profile value="http://hl7.se/fhir/ig/base/StructureDefinition/SEBasePatient"/>
  </meta>
  <text>
    <status value="generated"/><div xmlns="http://www.w3.org/1999/xhtml"><p class="res-header-id"><b>Generated Narrative: Patient PatientExample200302022389</b></p><a name="PatientExample200302022389"> </a><a name="hcPatientExample200302022389"> </a><a name="PatientExample200302022389-sv-SE"> </a><div style="display: inline-block; background-color: #d9e0e7; padding: 6px; margin: 4px; border: 1px solid #8da1b4; border-radius: 5px; line-height: 60%"><p style="margin-bottom: 0px"/><p style="margin-bottom: 0px">Profile: <a href="StructureDefinition-SEBasePatient.html">SE base profil for patient</a></p></div><p style="border: 1px #661aff solid; background-color: #e6e6ff; padding: 10px;">Katja Hennig(official) Female, DoB: 2003-02-02 ( http://electronichealth.se/identifier/personnummer#200302022389)</p><hr/><table class="grid"><tr><td style="background-color: #f3f5da" title="Known Marital status of Patient">Marital Status:</td><td colspan="3"><span title="Codes:{http://terminology.hl7.org/CodeSystem/v3-MaritalStatus U}">Unmarried</span></td></tr><tr><td style="background-color: #f3f5da" title="Ways to contact the Patient">Contact Detail</td><td colspan="3">Södra vägen 5 Trollhättan 46144 </td></tr></table></div>
  </text>
  <identifier>
    <system value="http://electronichealth.se/identifier/personnummer"/>
    <value value="200302022389"/>
  </identifier>
  <name>
    <use value="official"/>
    <text value="Katja Hennig"/>
    <family value="Hennig"/>
    <given value="Katja"/>
  </name>
  <gender value="female"/>
  <birthDate value="2003-02-02"/>
  <address>
    <extension url="http://hl7.se/fhir/ig/base/StructureDefinition/SEBaseAddressPersonExtension">
      <valueCodeableConcept>
        <coding>
          <system value="http://snomed.info/sct"/>
          <version value="http://snomed.info/sct/45991000052106"/>
          <code value="63381000052101"/>
          <display value="folkbokföringsadress"/>
        </coding>
      </valueCodeableConcept>
    </extension>
    <line value="Södra vägen 5"/>
    <city value="Trollhättan"/>
    <postalCode value="46144"/>
  </address>
  <maritalStatus>
    <coding>
      <system value="http://terminology.hl7.org/CodeSystem/v3-MaritalStatus"/>
      <code value="U"/>
      <display value="Unmarried"/>
    </coding>
  </maritalStatus>
</Patient>