<?xml version="1.0" encoding="UTF-8"?>

<Patient xmlns="http://hl7.org/fhir">
  <id value="PatientExample20210325K069"/>
  <meta>
    <profile value="http://hl7.se/fhir/ig/base/StructureDefinition/SEBasePatient"/>
  </meta>
  <text>
    <status value="generated"/><div xmlns="http://www.w3.org/1999/xhtml"><p class="res-header-id"><b>Generated Narrative: Patient PatientExample20210325K069</b></p><a name="PatientExample20210325K069"> </a><a name="hcPatientExample20210325K069"> </a><a name="PatientExample20210325K069-sv-SE"> </a><div style="display: inline-block; background-color: #d9e0e7; padding: 6px; margin: 4px; border: 1px solid #8da1b4; border-radius: 5px; line-height: 60%"><p style="margin-bottom: 0px"/><p style="margin-bottom: 0px">Profile: <a href="StructureDefinition-SEBasePatient.html">SE base profil for patient</a></p></div><p style="border: 1px #661aff solid; background-color: #e6e6ff; padding: 10px;">Förnamn Mellannamn Efternamn(official) Female, DoB: 2021-03-25 ( http://electronichealth.se/identifier/nationelltReservnummer#20210325K069)</p><hr/><table class="grid"><tr><td style="background-color: #f3f5da" title="Ways to contact the Patient">Contact Detail</td><td colspan="3"><ul><li>Careof Tillfällig adressrad Orten 54300 </li><li>Adressrad 1 Adressrad 2 Adressrad 3 DZ </li></ul></td></tr></table></div>
  </text>
  <identifier>
    <system value="http://electronichealth.se/identifier/nationelltReservnummer"/>
    <value value="20210325K069"/>
  </identifier>
  <name>
    <extension url="http://hl7.se/fhir/ig/base/StructureDefinition/SEBaseMiddleNameExtension">
      <valueString value="Mellannamn"/>
    </extension>
    <extension url="http://hl7.se/fhir/ig/base/StructureDefinition/SEBaseOwnFamilyExtension">
      <valueString value="Efternamn"/>
    </extension>
    <use value="official"/>
    <text value="Förnamn Mellannamn Efternamn"/>
    <family value="Mellannamn Efternamn"/>
    <given value="Förnamn"/>
  </name>
  <gender value="female"/>
  <birthDate value="2021-03-25"/>
  <address>
    <extension url="http://hl7.se/fhir/ig/base/StructureDefinition/SEBaseAddressPersonExtension">
      <valueCodeableConcept>
        <coding>
          <system value="http://snomed.info/sct"/>
          <version value="http://snomed.info/sct/45991000052106"/>
          <code value="63411000052104"/>
          <display value="uppgiven adress"/>
        </coding>
      </valueCodeableConcept>
    </extension>
    <line value="Careof"/>
    <line value="Tillfällig adressrad"/>
    <city value="Orten"/>
    <postalCode value="54300"/>
  </address>
  <address>
    <extension url="http://hl7.se/fhir/ig/base/StructureDefinition/SEBaseAddressPersonExtension">
      <valueCodeableConcept>
        <coding>
          <system value="http://snomed.info/sct"/>
          <version value="http://snomed.info/sct/45991000052106"/>
          <code value="63401000052101"/>
          <display value="utlandsadress"/>
        </coding>
      </valueCodeableConcept>
    </extension>
    <line value="Adressrad 1"/>
    <line value="Adressrad 2"/>
    <line value="Adressrad 3"/>
    <country value="DZ"/>
  </address>
</Patient>