{
  "resourceType" : "CodeSystem",
  "id" : "c24410e7-ee54-4ea6-abbb-283c9a261c64-2",
  "url" : "http://hl7.org/fhir/comparison/CodeSystem/c24410e7-ee54-4ea6-abbb-283c9a261c64-2",
  "name" : "UnionSecurityLabelCSAndSecurityLabelCS",
  "title" : "Union of SE CodeSystem security labels And SE CodeSystem security labels",
  "status" : "active",
  "date" : "2025-05-20T13:03:08+02:00",
  "jurisdiction" : [{
    "coding" : [{
      "system" : "urn:iso:std:iso:3166",
      "code" : "SE"
    }]
  }],
  "concept" : [{
    "code" : "sekretessmarkering",
    "display" : "Sekretessmarkering",
    "definition" : "Protected demographic information according to 22 kap. 1 § OSL (Offentlighets- och sekretesslagen)"
  },
  {
    "code" : "skyddadFolkbokforing",
    "display" : "Skyddad folkbokföring",
    "definition" : "Protected demographic information according to Skatteverket"
  }]
}