{
  "resourceType" : "CodeSystem",
  "id" : "c24410e7-ee54-4ea6-abbb-283c9a261c64-6",
  "url" : "http://hl7.org/fhir/comparison/CodeSystem/c24410e7-ee54-4ea6-abbb-283c9a261c64-6",
  "name" : "IntersectionSEBaseMaritalStatusCSAndSEBaseMaritalStatusCS",
  "title" : "Intersection of SE CodeSystem for marital status And SE CodeSystem for marital status",
  "status" : "draft",
  "date" : "2025-05-20T13:03:08+02:00",
  "concept" : [{
    "code" : "G",
    "display" : "Gift"
  },
  {
    "code" : "OG",
    "display" : "Ogift"
  },
  {
    "code" : "S",
    "display" : "Skild"
  },
  {
    "code" : "Ä",
    "display" : "Änka/änkling"
  },
  {
    "code" : "RP",
    "display" : "Registrerad partner"
  },
  {
    "code" : "SP",
    "display" : "Skild partner"
  },
  {
    "code" : "EP",
    "display" : "Efterlevande partner"
  }]
}