{
  "resourceType" : "ValueSet",
  "id" : "c24410e7-ee54-4ea6-abbb-283c9a261c64-47",
  "url" : "http://hl7.org/fhir/comparison/ValueSet/c24410e7-ee54-4ea6-abbb-283c9a261c64-47",
  "name" : "UnionSEBaseMaritalStatusVSAndSEBaseMaritalStatusVS",
  "title" : "Union of SE ValueSet for marital status And SE ValueSet for marital status",
  "status" : "draft",
  "date" : "2025-05-20T13:03:08+02:00",
  "jurisdiction" : [{
    "coding" : [{
      "system" : "urn:iso:std:iso:3166",
      "code" : "SE"
    }]
  }],
  "compose" : {
    "include" : [{
      "system" : "http://hl7.org/fhir/ValueSet/marital-status",
      "concept" : [{
        "code" : "M",
        "display" : "Married"
      },
      {
        "code" : "D",
        "display" : "Divorced"
      },
      {
        "code" : "W",
        "display" : "Widowed"
      },
      {
        "code" : "U",
        "display" : "unmarried"
      }]
    },
    {
      "concept" : [{
        "code" : "RP",
        "display" : "Registrerad partner"
      },
      {
        "code" : "SP",
        "display" : "Skild partner"
      },
      {
        "code" : "EP",
        "display" : "Efterlevande partner"
      }]
    },
    {
      "system" : "http://terminology.hl7.org/CodeSystem/v3-MaritalStatus",
      "concept" : [{
        "code" : "M",
        "display" : "Married"
      },
      {
        "code" : "D",
        "display" : "Divorced"
      },
      {
        "code" : "W",
        "display" : "Widowed"
      },
      {
        "code" : "U",
        "display" : "Unmarried"
      }]
    }]
  }
}