{
  "resourceType" : "ValueSet",
  "id" : "c24410e7-ee54-4ea6-abbb-283c9a261c64-41",
  "url" : "http://hl7.org/fhir/comparison/ValueSet/c24410e7-ee54-4ea6-abbb-283c9a261c64-41",
  "name" : "UnionSEBaseHSABefattningVSAndSEBaseHSABefattningVS",
  "title" : "Union of null And Valueset for HSA occupational positions in healthcare",
  "status" : "draft",
  "date" : "2025-05-20T13:03:08+02:00",
  "jurisdiction" : [{
    "coding" : [{
      "system" : "urn:iso:std:iso:3166",
      "code" : "SE"
    }]
  }]
}