{
  "resourceType" : "ValueSet",
  "id" : "c24410e7-ee54-4ea6-abbb-283c9a261c64-36",
  "url" : "http://hl7.org/fhir/comparison/ValueSet/c24410e7-ee54-4ea6-abbb-283c9a261c64-36",
  "name" : "IntersectionSEBaseAddressPersonVSAndSEBaseAddressPersonVS",
  "title" : "Intersection of SE ValueSet for official address types And SE ValueSet for official address types",
  "status" : "draft",
  "date" : "2025-05-20T13:03:08+02:00",
  "compose" : {
    "include" : [{
      "concept" : [{
        "code" : "63391000052104",
        "display" : "särskild postadress"
      },
      {
        "code" : "63381000052101",
        "display" : "folkbokföringsadress"
      },
      {
        "code" : "63401000052101",
        "display" : "utlandsadress"
      },
      {
        "code" : "63411000052104",
        "display" : "uppgiven adress"
      }]
    }]
  }
}