{
  "resourceType" : "ValueSet",
  "id" : "c24410e7-ee54-4ea6-abbb-283c9a261c64-63",
  "url" : "http://hl7.org/fhir/comparison/ValueSet/c24410e7-ee54-4ea6-abbb-283c9a261c64-63",
  "name" : "IntersectionSecurityLabelVSAndSecurityLabelVS",
  "title" : "Intersection of SE ValueSet security labels And SE ValueSet security labels",
  "status" : "draft",
  "date" : "2025-05-20T13:03:08+02:00",
  "compose" : {
    "include" : [{
      "concept" : [{
        "code" : "DEMO"
      }]
    },
    {
      "concept" : [{
        "code" : "sekretessmarkering"
      },
      {
        "code" : "skyddadFolkbokforing"
      }]
    }]
  }
}