{
  "resourceType" : "ValueSet",
  "id" : "c24410e7-ee54-4ea6-abbb-283c9a261c64-57",
  "url" : "http://hl7.org/fhir/comparison/ValueSet/c24410e7-ee54-4ea6-abbb-283c9a261c64-57",
  "name" : "IntersectionSEBaseSKRYrkeVSAndSEBaseSKRYrkeVS",
  "title" : "Intersection of null And SKR ValueSet for occupations",
  "status" : "draft",
  "date" : "2025-05-20T13:03:08+02:00",
  "compose" : {
    "include" : [{
      "filter" : [{
        "property" : "concept",
        "op" : "in",
        "value" : "67031000052107"
      }]
    },
    {
      "filter" : [{
        "property" : "concept",
        "op" : "in",
        "value" : "68591000052102"
      }]
    }]
  }
}