{
  "resourceType" : "ValueSet",
  "id" : "c24410e7-ee54-4ea6-abbb-283c9a261c64-62",
  "url" : "http://hl7.org/fhir/comparison/ValueSet/c24410e7-ee54-4ea6-abbb-283c9a261c64-62",
  "name" : "UnionSecurityLabelVSAndSecurityLabelVS",
  "title" : "Union of SE ValueSet security labels And SE ValueSet security labels",
  "status" : "draft",
  "date" : "2025-05-20T13:03:08+02:00",
  "jurisdiction" : [{
    "coding" : [{
      "system" : "urn:iso:std:iso:3166",
      "code" : "SE"
    }]
  }],
  "compose" : {
    "include" : [{
      "concept" : [{
        "code" : "DEMO"
      }]
    },
    {
      "concept" : [{
        "code" : "sekretessmarkering"
      },
      {
        "code" : "skyddadFolkbokforing"
      }]
    }]
  }
}