{
  "resourceType" : "ValueSet",
  "id" : "c24410e7-ee54-4ea6-abbb-283c9a261c64-54",
  "url" : "http://hl7.org/fhir/comparison/ValueSet/c24410e7-ee54-4ea6-abbb-283c9a261c64-54",
  "name" : "IntersectionSEBaseSKRYrkeSpecialtyVSAndSEBaseSKRYrkeSpecialtyVS",
  "title" : "Intersection of null And SKR ValueSet for clinical specialties",
  "status" : "draft",
  "date" : "2025-05-20T13:03:08+02:00",
  "compose" : {
    "include" : [{
      "filter" : [{
        "property" : "concept",
        "op" : "in",
        "value" : "67051000052103"
      }]
    },
    {
      "filter" : [{
        "property" : "concept",
        "op" : "in",
        "value" : "67081000052106"
      }]
    },
    {
      "filter" : [{
        "property" : "concept",
        "op" : "in",
        "value" : "67071000052109"
      }]
    }]
  }
}