{
  "resourceType" : "ValueSet",
  "id" : "c24410e7-ee54-4ea6-abbb-283c9a261c64-48",
  "url" : "http://hl7.org/fhir/comparison/ValueSet/c24410e7-ee54-4ea6-abbb-283c9a261c64-48",
  "name" : "IntersectionSEBaseMaritalStatusVSAndSEBaseMaritalStatusVS",
  "title" : "Intersection of SE ValueSet for marital status And SE ValueSet for marital status",
  "status" : "draft",
  "date" : "2025-05-20T13:03:08+02:00",
  "compose" : {
    "include" : [{
      "concept" : [{
        "code" : "RP",
        "display" : "Registrerad partner"
      },
      {
        "code" : "SP",
        "display" : "Skild partner"
      },
      {
        "code" : "EP",
        "display" : "Efterlevande partner"
      }]
    }]
  }
}