{
  "resourceType" : "ValueSet",
  "id" : "c24410e7-ee54-4ea6-abbb-283c9a261c64-56",
  "url" : "http://hl7.org/fhir/comparison/ValueSet/c24410e7-ee54-4ea6-abbb-283c9a261c64-56",
  "name" : "UnionSEBaseSKRYrkeVSAndSEBaseSKRYrkeVS",
  "title" : "Union of null And SKR ValueSet for occupations",
  "status" : "draft",
  "date" : "2025-05-20T13:03:08+02:00",
  "jurisdiction" : [{
    "coding" : [{
      "system" : "urn:iso:std:iso:3166",
      "code" : "SE"
    }]
  }],
  "compose" : {
    "include" : [{
      "filter" : [{
        "property" : "concept",
        "op" : "in",
        "value" : "67031000052107"
      }]
    },
    {
      "filter" : [{
        "property" : "concept",
        "op" : "in",
        "value" : "68591000052102"
      }]
    }]
  }
}