{
  "resourceType" : "ValueSet",
  "id" : "c24410e7-ee54-4ea6-abbb-283c9a261c64-50",
  "url" : "http://hl7.org/fhir/comparison/ValueSet/c24410e7-ee54-4ea6-abbb-283c9a261c64-50",
  "name" : "UnionSEBaseNamePartQualifierVSAndSEBaseNamePartQualifierVS",
  "title" : "Union of SE ValueSet for preferred name And SE ValueSet for preferred name",
  "status" : "draft",
  "date" : "2025-05-20T13:03:08+02:00",
  "jurisdiction" : [{
    "coding" : [{
      "system" : "urn:iso:std:iso:3166",
      "code" : "SE"
    }]
  }],
  "compose" : {
    "include" : [{
      "concept" : [{
        "code" : "CL",
        "display" : "Call me"
      }]
    }]
  }
}