{
  "resourceType" : "ValueSet",
  "id" : "c24410e7-ee54-4ea6-abbb-283c9a261c64-51",
  "url" : "http://hl7.org/fhir/comparison/ValueSet/c24410e7-ee54-4ea6-abbb-283c9a261c64-51",
  "name" : "IntersectionSEBaseNamePartQualifierVSAndSEBaseNamePartQualifierVS",
  "title" : "Intersection of SE ValueSet for preferred name And SE ValueSet for preferred name",
  "status" : "draft",
  "date" : "2025-05-20T13:03:08+02:00",
  "compose" : {
    "include" : [{
      "concept" : [{
        "code" : "CL",
        "display" : "Call me"
      }]
    }]
  }
}