{
  "resourceType" : "Bundle",
  "id" : "a58a656c-d37b-4926-a48d-87f1f4277b5b",
  "meta" : {
    "lastUpdated" : "2025-05-20T13:02:57.125+02:00"
  },
  "type" : "collection",
  "entry" : [{
    "fullUrl" : "http://hl7.se/fhir/ig/base/ValueSet/SEBaseAddressPersonVS",
    "resource" : {
      "resourceType" : "ValueSet",
      "text" : {
        "status" : "generated",
        "div" : "<div xmlns=\"http://www.w3.org/1999/xhtml\"><p class=\"res-header-id\"><b>ValueSet </b></p><p style=\"border: black 1px dotted; background-color: #EEEEEE; padding: 8px; margin-bottom: 8px\">Expansion from tx.fhir.org based on SNOMED CT Swedish edition 30-Nov 2023</p><p>This value set contains 4 concepts</p><table class=\"codes\"><tr><td style=\"white-space:nowrap\"><b>Code</b></td><td><b>System</b></td><td><b>Display (sv-SE)</b></td></tr><tr><td style=\"white-space:nowrap\"><a name=\"x-http://snomed.info/sct-63391000052104\"> </a>\u00a0\u00a0<a href=\"http://snomed.info/id/63391000052104\">63391000052104</a></td><td>http://snomed.info/sct</td><td>särskild postadress</td></tr><tr><td style=\"white-space:nowrap\"><a name=\"x-http://snomed.info/sct-63381000052101\"> </a>\u00a0\u00a0<a href=\"http://snomed.info/id/63381000052101\">63381000052101</a></td><td>http://snomed.info/sct</td><td>folkbokföringsadress</td></tr><tr><td style=\"white-space:nowrap\"><a name=\"x-http://snomed.info/sct-63401000052101\"> </a>\u00a0\u00a0<a href=\"http://snomed.info/id/63401000052101\">63401000052101</a></td><td>http://snomed.info/sct</td><td>utlandsadress</td></tr><tr><td style=\"white-space:nowrap\"><a name=\"x-http://snomed.info/sct-63411000052104\"> </a>\u00a0\u00a0<a href=\"http://snomed.info/id/63411000052104\">63411000052104</a></td><td>http://snomed.info/sct</td><td>uppgiven adress</td></tr></table></div>"
      },
      "url" : "http://hl7.se/fhir/ig/base/ValueSet/SEBaseAddressPersonVS",
      "version" : "1.1.0",
      "name" : "SEBaseAddressPersonVS",
      "title" : "SE ValueSet for official address types",
      "status" : "active",
      "experimental" : false,
      "date" : "2025-05-20T13:02:08+02:00",
      "jurisdiction" : [{
        "coding" : [{
          "system" : "urn:iso:std:iso:3166",
          "code" : "SE"
        }]
      }],
      "expansion" : {
        "identifier" : "urn:uuid:c341d538-1384-4bd1-bce7-1ab7b43d7244",
        "timestamp" : "2025-05-20T13:03:16+02:00",
        "total" : 4,
        "offset" : 0,
        "parameter" : [{
          "name" : "displayLanguage",
          "valueCode" : "sv-SE"
        },
        {
          "name" : "count",
          "valueInteger" : 1000
        },
        {
          "name" : "offset",
          "valueInteger" : 0
        },
        {
          "name" : "excludeNested",
          "valueBoolean" : false
        },
        {
          "name" : "used-valueset",
          "valueUri" : "null"
        },
        {
          "name" : "used-codesystem",
          "valueUri" : "http://snomed.info/sct|http://snomed.info/sct/45991000052106/version/20231130"
        },
        {
          "name" : "version",
          "valueUri" : "http://snomed.info/sct|http://snomed.info/sct/45991000052106/version/20231130"
        }],
        "contains" : [{
          "system" : "http://snomed.info/sct",
          "code" : "63391000052104",
          "display" : "särskild postadress"
        },
        {
          "system" : "http://snomed.info/sct",
          "code" : "63381000052101",
          "display" : "folkbokföringsadress"
        },
        {
          "system" : "http://snomed.info/sct",
          "code" : "63401000052101",
          "display" : "utlandsadress"
        },
        {
          "system" : "http://snomed.info/sct",
          "code" : "63411000052104",
          "display" : "uppgiven adress"
        }]
      }
    }
  },
  {
    "fullUrl" : "http://hl7.se/fhir/ig/base/ValueSet/SEBaseMaritalStatusVS",
    "resource" : {
      "resourceType" : "ValueSet",
      "text" : {
        "status" : "generated",
        "div" : "<div xmlns=\"http://www.w3.org/1999/xhtml\"><p class=\"res-header-id\"><b>ValueSet </b></p><div style=\"border: black 1px dotted; background-color: #EEEEEE; padding: 8px; margin-bottom: 8px\"><p>Expansion performed internally based on:</p><ul><li><a href=\"CodeSystem-se-base-marital-status.html\">codesystem SE CodeSystem for marital status v1.1.0 (CodeSystem)</a></li><li><a href=\"http://terminology.hl7.org/6.3.0/CodeSystem-v3-MaritalStatus.html\">codesystem MaritalStatus v3.0.0 (CodeSystem)</a></li></ul></div><p>This value set contains 7 concepts</p><table class=\"codes\"><tr><td style=\"white-space:nowrap\"><b>Code</b></td><td><b>System</b></td><td><b>Display (sv-SE)</b></td><td><b>Definition</b></td></tr><tr><td style=\"white-space:nowrap\"><a name=\"x-http://terminology.hl7.org/CodeSystem/v3-MaritalStatus-M\"> </a>\u00a0\u00a0<a href=\"http://terminology.hl7.org/6.3.0/CodeSystem-v3-MaritalStatus.html#v3-MaritalStatus-M\">M</a></td><td>http://terminology.hl7.org/CodeSystem/v3-MaritalStatus</td><td/><td><div><p>A current marriage contract is active</p>\n</div></td></tr><tr><td style=\"white-space:nowrap\"><a name=\"x-http://terminology.hl7.org/CodeSystem/v3-MaritalStatus-D\"> </a>\u00a0\u00a0<a href=\"http://terminology.hl7.org/6.3.0/CodeSystem-v3-MaritalStatus.html#v3-MaritalStatus-D\">D</a></td><td>http://terminology.hl7.org/CodeSystem/v3-MaritalStatus</td><td/><td><div><p>Marriage contract has been declared dissolved and inactive</p>\n</div></td></tr><tr><td style=\"white-space:nowrap\"><a name=\"x-http://terminology.hl7.org/CodeSystem/v3-MaritalStatus-W\"> </a>\u00a0\u00a0<a href=\"http://terminology.hl7.org/6.3.0/CodeSystem-v3-MaritalStatus.html#v3-MaritalStatus-W\">W</a></td><td>http://terminology.hl7.org/CodeSystem/v3-MaritalStatus</td><td/><td><div><p>The spouse has died</p>\n</div></td></tr><tr><td style=\"white-space:nowrap\"><a name=\"x-http://terminology.hl7.org/CodeSystem/v3-MaritalStatus-U\"> </a>\u00a0\u00a0<a href=\"http://terminology.hl7.org/6.3.0/CodeSystem-v3-MaritalStatus.html#v3-MaritalStatus-U\">U</a></td><td>http://terminology.hl7.org/CodeSystem/v3-MaritalStatus</td><td/><td><div><p>Currently not in a marriage contract.</p>\n</div></td></tr><tr><td style=\"white-space:nowrap\"><a name=\"x-http://hl7.se/fhir/ig/base/CodeSystem/se-base-marital-status-RP\"> </a>\u00a0\u00a0<a href=\"CodeSystem-se-base-marital-status.html#se-base-marital-status-RP\">RP</a></td><td>http://hl7.se/fhir/ig/base/CodeSystem/se-base-marital-status</td><td/><td><div/></td></tr><tr><td style=\"white-space:nowrap\"><a name=\"x-http://hl7.se/fhir/ig/base/CodeSystem/se-base-marital-status-SP\"> </a>\u00a0\u00a0<a href=\"CodeSystem-se-base-marital-status.html#se-base-marital-status-SP\">SP</a></td><td>http://hl7.se/fhir/ig/base/CodeSystem/se-base-marital-status</td><td/><td><div/></td></tr><tr><td style=\"white-space:nowrap\"><a name=\"x-http://hl7.se/fhir/ig/base/CodeSystem/se-base-marital-status-EP\"> </a>\u00a0\u00a0<a href=\"CodeSystem-se-base-marital-status.html#se-base-marital-status-EP\">EP</a></td><td>http://hl7.se/fhir/ig/base/CodeSystem/se-base-marital-status</td><td/><td><div/></td></tr></table></div>"
      },
      "url" : "http://hl7.se/fhir/ig/base/ValueSet/SEBaseMaritalStatusVS",
      "version" : "1.1.0",
      "name" : "SEBaseMaritalStatusVS",
      "title" : "SE ValueSet for marital status",
      "status" : "active",
      "experimental" : false,
      "date" : "2025-05-20T13:02:08+02:00",
      "jurisdiction" : [{
        "coding" : [{
          "system" : "urn:iso:std:iso:3166",
          "code" : "SE"
        }]
      }],
      "expansion" : {
        "identifier" : "urn:uuid:2d0fa37a-298c-43a5-a8f6-70a65736d59d",
        "timestamp" : "2025-05-20T13:03:16+02:00",
        "total" : 7,
        "offset" : 0,
        "parameter" : [{
          "name" : "displayLanguage",
          "valueCode" : "sv-SE"
        },
        {
          "name" : "count",
          "valueInteger" : 1000
        },
        {
          "name" : "offset",
          "valueInteger" : 0
        },
        {
          "name" : "excludeNested",
          "valueBoolean" : false
        },
        {
          "name" : "used-codesystem",
          "valueUri" : "http://terminology.hl7.org/CodeSystem/v3-MaritalStatus|3.0.0"
        },
        {
          "name" : "used-codesystem",
          "valueUri" : "http://hl7.se/fhir/ig/base/CodeSystem/se-base-marital-status|1.1.0"
        }],
        "contains" : [{
          "system" : "http://terminology.hl7.org/CodeSystem/v3-MaritalStatus",
          "code" : "M"
        },
        {
          "system" : "http://terminology.hl7.org/CodeSystem/v3-MaritalStatus",
          "code" : "D"
        },
        {
          "system" : "http://terminology.hl7.org/CodeSystem/v3-MaritalStatus",
          "code" : "W"
        },
        {
          "system" : "http://terminology.hl7.org/CodeSystem/v3-MaritalStatus",
          "code" : "U"
        },
        {
          "system" : "http://hl7.se/fhir/ig/base/CodeSystem/se-base-marital-status",
          "code" : "RP"
        },
        {
          "system" : "http://hl7.se/fhir/ig/base/CodeSystem/se-base-marital-status",
          "code" : "SP"
        },
        {
          "system" : "http://hl7.se/fhir/ig/base/CodeSystem/se-base-marital-status",
          "code" : "EP"
        }]
      }
    }
  },
  {
    "fullUrl" : "http://hl7.se/fhir/ig/base/ValueSet/SEBaseNamePartQualifierVS",
    "resource" : {
      "resourceType" : "ValueSet",
      "text" : {
        "status" : "generated",
        "div" : "<div xmlns=\"http://www.w3.org/1999/xhtml\"><p class=\"res-header-id\"><b>ValueSet </b></p><p style=\"border: black 1px dotted; background-color: #EEEEEE; padding: 8px; margin-bottom: 8px\">Expansion performed internally based on <a href=\"http://terminology.hl7.org/6.3.0/CodeSystem-v3-EntityNamePartQualifierR2.html\">codesystem EntityNamePartQualifierR2 v3.0.0 (CodeSystem)</a></p><p>This value set contains 1 concepts</p><table class=\"codes\"><tr><td style=\"white-space:nowrap\"><b>Code</b></td><td><b>System</b></td><td><b>Display (sv-SE)</b></td><td><b>Definition</b></td></tr><tr><td style=\"white-space:nowrap\"><a name=\"x-http://terminology.hl7.org/CodeSystem/v3-EntityNamePartQualifierR2-CL\"> </a>\u00a0\u00a0<a href=\"http://terminology.hl7.org/6.3.0/CodeSystem-v3-EntityNamePartQualifierR2.html#v3-EntityNamePartQualifierR2-CL\">CL</a></td><td>http://terminology.hl7.org/CodeSystem/v3-EntityNamePartQualifierR2</td><td/><td><div><p>**Description:**Used to indicate which of the various name parts is used when interacting with the person.</p>\n</div></td></tr></table></div>"
      },
      "url" : "http://hl7.se/fhir/ig/base/ValueSet/SEBaseNamePartQualifierVS",
      "version" : "1.1.0",
      "name" : "SEBaseNamePartQualifierVS",
      "title" : "SE ValueSet for preferred name",
      "status" : "active",
      "experimental" : false,
      "date" : "2025-05-20T13:02:08+02:00",
      "jurisdiction" : [{
        "coding" : [{
          "system" : "urn:iso:std:iso:3166",
          "code" : "SE"
        }]
      }],
      "expansion" : {
        "identifier" : "urn:uuid:d5f757d4-ea9f-4675-af0e-e790a6a148cf",
        "timestamp" : "2025-05-20T13:03:16+02:00",
        "total" : 1,
        "offset" : 0,
        "parameter" : [{
          "name" : "displayLanguage",
          "valueCode" : "sv-SE"
        },
        {
          "name" : "count",
          "valueInteger" : 1000
        },
        {
          "name" : "offset",
          "valueInteger" : 0
        },
        {
          "name" : "excludeNested",
          "valueBoolean" : false
        },
        {
          "name" : "used-codesystem",
          "valueUri" : "http://terminology.hl7.org/CodeSystem/v3-EntityNamePartQualifierR2|3.0.0"
        }],
        "contains" : [{
          "system" : "http://terminology.hl7.org/CodeSystem/v3-EntityNamePartQualifierR2",
          "code" : "CL"
        }]
      }
    }
  },
  {
    "fullUrl" : "http://hl7.se/fhir/ig/base/ValueSet/SEBaseSKRYrkeSpecialtyVS",
    "resource" : {
      "resourceType" : "ValueSet",
      "text" : {
        "status" : "generated",
        "div" : "<div xmlns=\"http://www.w3.org/1999/xhtml\"><p class=\"res-header-id\"><b>ValueSet </b></p><p style=\"border: black 1px dotted; background-color: #EEEEEE; padding: 8px; margin-bottom: 8px\">Expansion from tx.fhir.org based on SNOMED CT Swedish edition 30-Nov 2023</p><p>This value set expansion contains 98 concepts.</p><table class=\"codes\"><tr><td style=\"white-space:nowrap\"><b>Code</b></td><td><b>System</b></td><td><b>Display (sv-SE)</b></td></tr><tr><td style=\"white-space:nowrap\"><a name=\"x-http://snomed.info/sct-43702002\"> </a>\u00a0\u00a0<a href=\"http://snomed.info/id/43702002\">43702002</a></td><td>http://snomed.info/sct</td><td>företagssjuksköterska</td></tr><tr><td style=\"white-space:nowrap\"><a name=\"x-http://snomed.info/sct-158997000\"> </a>\u00a0\u00a0<a href=\"http://snomed.info/id/158997000\">158997000</a></td><td>http://snomed.info/sct</td><td>distriktssköterska</td></tr><tr><td style=\"white-space:nowrap\"><a name=\"x-http://snomed.info/sct-159003003\"> </a>\u00a0\u00a0<a href=\"http://snomed.info/id/159003003\">159003003</a></td><td>http://snomed.info/sct</td><td>skolsköterska</td></tr><tr><td style=\"white-space:nowrap\"><a name=\"x-http://snomed.info/sct-224537001\"> </a>\u00a0\u00a0<a href=\"http://snomed.info/id/224537001\">224537001</a></td><td>http://snomed.info/sct</td><td>akutsjuksköterska</td></tr><tr><td style=\"white-space:nowrap\"><a name=\"x-http://snomed.info/sct-224542009\"> </a>\u00a0\u00a0<a href=\"http://snomed.info/id/224542009\">224542009</a></td><td>http://snomed.info/sct</td><td>hjärtsjuksköterska</td></tr><tr><td style=\"white-space:nowrap\"><a name=\"x-http://snomed.info/sct-224543004\"> </a>\u00a0\u00a0<a href=\"http://snomed.info/id/224543004\">224543004</a></td><td>http://snomed.info/sct</td><td>diabetessjuksköterska</td></tr><tr><td style=\"white-space:nowrap\"><a name=\"x-http://snomed.info/sct-224545006\"> </a>\u00a0\u00a0<a href=\"http://snomed.info/id/224545006\">224545006</a></td><td>http://snomed.info/sct</td><td>geriatriksjuksköterska</td></tr><tr><td style=\"white-space:nowrap\"><a name=\"x-http://snomed.info/sct-224547003\"> </a>\u00a0\u00a0<a href=\"http://snomed.info/id/224547003\">224547003</a></td><td>http://snomed.info/sct</td><td>intensivvårdssjuksköterska</td></tr><tr><td style=\"white-space:nowrap\"><a name=\"x-http://snomed.info/sct-224552008\"> </a>\u00a0\u00a0<a href=\"http://snomed.info/id/224552008\">224552008</a></td><td>http://snomed.info/sct</td><td>onkologisjuksköterska</td></tr><tr><td style=\"white-space:nowrap\"><a name=\"x-http://snomed.info/sct-224556006\"> </a>\u00a0\u00a0<a href=\"http://snomed.info/id/224556006\">224556006</a></td><td>http://snomed.info/sct</td><td>sjuksköterska inom palliativ vård</td></tr><tr><td style=\"white-space:nowrap\"><a name=\"x-http://snomed.info/sct-224562001\"> </a>\u00a0\u00a0<a href=\"http://snomed.info/id/224562001\">224562001</a></td><td>http://snomed.info/sct</td><td>barnsjuksköterska</td></tr><tr><td style=\"white-space:nowrap\"><a name=\"x-http://snomed.info/sct-224563006\"> </a>\u00a0\u00a0<a href=\"http://snomed.info/id/224563006\">224563006</a></td><td>http://snomed.info/sct</td><td>psykiatrisjuksköterska</td></tr><tr><td style=\"white-space:nowrap\"><a name=\"x-http://snomed.info/sct-309445003\"> </a>\u00a0\u00a0<a href=\"http://snomed.info/id/309445003\">309445003</a></td><td>http://snomed.info/sct</td><td>anestesisjuksköterska</td></tr><tr><td style=\"white-space:nowrap\"><a name=\"x-http://snomed.info/sct-415075003\"> </a>\u00a0\u00a0<a href=\"http://snomed.info/id/415075003\">415075003</a></td><td>http://snomed.info/sct</td><td>operationssjuksköterska</td></tr><tr><td style=\"white-space:nowrap\"><a name=\"x-http://snomed.info/sct-68441000052105\"> </a>\u00a0\u00a0<a href=\"http://snomed.info/id/68441000052105\">68441000052105</a></td><td>http://snomed.info/sct</td><td>ambulanssjuksköterska</td></tr><tr><td style=\"white-space:nowrap\"><a name=\"x-http://snomed.info/sct-68451000052108\"> </a>\u00a0\u00a0<a href=\"http://snomed.info/id/68451000052108\">68451000052108</a></td><td>http://snomed.info/sct</td><td>kirurgsjuksköterska</td></tr><tr><td style=\"white-space:nowrap\"><a name=\"x-http://snomed.info/sct-68461000052106\"> </a>\u00a0\u00a0<a href=\"http://snomed.info/id/68461000052106\">68461000052106</a></td><td>http://snomed.info/sct</td><td>medicinsjuksköterska</td></tr><tr><td style=\"white-space:nowrap\"><a name=\"x-http://snomed.info/sct-68471000052102\"> </a>\u00a0\u00a0<a href=\"http://snomed.info/id/68471000052102\">68471000052102</a></td><td>http://snomed.info/sct</td><td>demenssjuksköterska</td></tr><tr><td style=\"white-space:nowrap\"><a name=\"x-http://snomed.info/sct-68481000052100\"> </a>\u00a0\u00a0<a href=\"http://snomed.info/id/68481000052100\">68481000052100</a></td><td>http://snomed.info/sct</td><td>infektionssjuksköterska</td></tr><tr><td style=\"white-space:nowrap\"><a name=\"x-http://snomed.info/sct-68491000052103\"> </a>\u00a0\u00a0<a href=\"http://snomed.info/id/68491000052103\">68491000052103</a></td><td>http://snomed.info/sct</td><td>neurosjuksköterska</td></tr><tr><td style=\"white-space:nowrap\"><a name=\"x-http://snomed.info/sct-68501000052106\"> </a>\u00a0\u00a0<a href=\"http://snomed.info/id/68501000052106\">68501000052106</a></td><td>http://snomed.info/sct</td><td>ögonsjuksköterska</td></tr><tr><td style=\"white-space:nowrap\"><a name=\"x-http://snomed.info/sct-68511000052108\"> </a>\u00a0\u00a0<a href=\"http://snomed.info/id/68511000052108\">68511000052108</a></td><td>http://snomed.info/sct</td><td>ortoptist</td></tr><tr><td style=\"white-space:nowrap\"><a name=\"x-http://snomed.info/sct-8724009\"> </a>\u00a0\u00a0<a href=\"http://snomed.info/id/8724009\">8724009</a></td><td>http://snomed.info/sct</td><td>plastikkirurg</td></tr><tr><td style=\"white-space:nowrap\"><a name=\"x-http://snomed.info/sct-11911009\"> </a>\u00a0\u00a0<a href=\"http://snomed.info/id/11911009\">11911009</a></td><td>http://snomed.info/sct</td><td>njurläkare</td></tr><tr><td style=\"white-space:nowrap\"><a name=\"x-http://snomed.info/sct-11935004\"> </a>\u00a0\u00a0<a href=\"http://snomed.info/id/11935004\">11935004</a></td><td>http://snomed.info/sct</td><td>förlossningsläkare</td></tr><tr><td style=\"white-space:nowrap\"><a name=\"x-http://snomed.info/sct-14698002\"> </a>\u00a0\u00a0<a href=\"http://snomed.info/id/14698002\">14698002</a></td><td>http://snomed.info/sct</td><td>klinisk mikrobiolog</td></tr><tr><td style=\"white-space:nowrap\"><a name=\"x-http://snomed.info/sct-17561000\"> </a>\u00a0\u00a0<a href=\"http://snomed.info/id/17561000\">17561000</a></td><td>http://snomed.info/sct</td><td>kardiolog</td></tr><tr><td style=\"white-space:nowrap\"><a name=\"x-http://snomed.info/sct-18803008\"> </a>\u00a0\u00a0<a href=\"http://snomed.info/id/18803008\">18803008</a></td><td>http://snomed.info/sct</td><td>dermatolog</td></tr><tr><td style=\"white-space:nowrap\"><a name=\"x-http://snomed.info/sct-22731001\"> </a>\u00a0\u00a0<a href=\"http://snomed.info/id/22731001\">22731001</a></td><td>http://snomed.info/sct</td><td>ortoped</td></tr><tr><td style=\"white-space:nowrap\"><a name=\"x-http://snomed.info/sct-22983004\"> </a>\u00a0\u00a0<a href=\"http://snomed.info/id/22983004\">22983004</a></td><td>http://snomed.info/sct</td><td>toraxkirurg</td></tr><tr><td style=\"white-space:nowrap\"><a name=\"x-http://snomed.info/sct-24590004\"> </a>\u00a0\u00a0<a href=\"http://snomed.info/id/24590004\">24590004</a></td><td>http://snomed.info/sct</td><td>urolog</td></tr><tr><td style=\"white-space:nowrap\"><a name=\"x-http://snomed.info/sct-28411006\"> </a>\u00a0\u00a0<a href=\"http://snomed.info/id/28411006\">28411006</a></td><td>http://snomed.info/sct</td><td>neonatolog</td></tr><tr><td style=\"white-space:nowrap\"><a name=\"x-http://snomed.info/sct-28544002\"> </a>\u00a0\u00a0<a href=\"http://snomed.info/id/28544002\">28544002</a></td><td>http://snomed.info/sct</td><td>klinisk kemist</td></tr><tr><td style=\"white-space:nowrap\"><a name=\"x-http://snomed.info/sct-39677007\"> </a>\u00a0\u00a0<a href=\"http://snomed.info/id/39677007\">39677007</a></td><td>http://snomed.info/sct</td><td>specialist i invärtesmedicin</td></tr><tr><td style=\"white-space:nowrap\"><a name=\"x-http://snomed.info/sct-41672002\"> </a>\u00a0\u00a0<a href=\"http://snomed.info/id/41672002\">41672002</a></td><td>http://snomed.info/sct</td><td>lungläkare</td></tr><tr><td style=\"white-space:nowrap\"><a name=\"x-http://snomed.info/sct-45440000\"> </a>\u00a0\u00a0<a href=\"http://snomed.info/id/45440000\">45440000</a></td><td>http://snomed.info/sct</td><td>reumatolog</td></tr><tr><td style=\"white-space:nowrap\"><a name=\"x-http://snomed.info/sct-45544007\"> </a>\u00a0\u00a0<a href=\"http://snomed.info/id/45544007\">45544007</a></td><td>http://snomed.info/sct</td><td>neurokirurg</td></tr><tr><td style=\"white-space:nowrap\"><a name=\"x-http://snomed.info/sct-56397003\"> </a>\u00a0\u00a0<a href=\"http://snomed.info/id/56397003\">56397003</a></td><td>http://snomed.info/sct</td><td>neurolog</td></tr><tr><td style=\"white-space:nowrap\"><a name=\"x-http://snomed.info/sct-61207006\"> </a>\u00a0\u00a0<a href=\"http://snomed.info/id/61207006\">61207006</a></td><td>http://snomed.info/sct</td><td>patolog</td></tr><tr><td style=\"white-space:nowrap\"><a name=\"x-http://snomed.info/sct-61894003\"> </a>\u00a0\u00a0<a href=\"http://snomed.info/id/61894003\">61894003</a></td><td>http://snomed.info/sct</td><td>endokrinolog</td></tr><tr><td style=\"white-space:nowrap\"><a name=\"x-http://snomed.info/sct-62247001\"> </a>\u00a0\u00a0<a href=\"http://snomed.info/id/62247001\">62247001</a></td><td>http://snomed.info/sct</td><td>specialistläkare inom allmänmedicin</td></tr><tr><td style=\"white-space:nowrap\"><a name=\"x-http://snomed.info/sct-66862007\"> </a>\u00a0\u00a0<a href=\"http://snomed.info/id/66862007\">66862007</a></td><td>http://snomed.info/sct</td><td>radiolog</td></tr><tr><td style=\"white-space:nowrap\"><a name=\"x-http://snomed.info/sct-71838004\"> </a>\u00a0\u00a0<a href=\"http://snomed.info/id/71838004\">71838004</a></td><td>http://snomed.info/sct</td><td>gastroenterolog</td></tr><tr><td style=\"white-space:nowrap\"><a name=\"x-http://snomed.info/sct-76899008\"> </a>\u00a0\u00a0<a href=\"http://snomed.info/id/76899008\">76899008</a></td><td>http://snomed.info/sct</td><td>specialistläkare inom infektionssjukdomar</td></tr><tr><td style=\"white-space:nowrap\"><a name=\"x-http://snomed.info/sct-78703002\"> </a>\u00a0\u00a0<a href=\"http://snomed.info/id/78703002\">78703002</a></td><td>http://snomed.info/sct</td><td>allmänkirurg</td></tr><tr><td style=\"white-space:nowrap\"><a name=\"x-http://snomed.info/sct-80584001\"> </a>\u00a0\u00a0<a href=\"http://snomed.info/id/80584001\">80584001</a></td><td>http://snomed.info/sct</td><td>psykiatriker</td></tr><tr><td style=\"white-space:nowrap\"><a name=\"x-http://snomed.info/sct-80933006\"> </a>\u00a0\u00a0<a href=\"http://snomed.info/id/80933006\">80933006</a></td><td>http://snomed.info/sct</td><td>specialist inom nuklearmedicin</td></tr><tr><td style=\"white-space:nowrap\"><a name=\"x-http://snomed.info/sct-82296001\"> </a>\u00a0\u00a0<a href=\"http://snomed.info/id/82296001\">82296001</a></td><td>http://snomed.info/sct</td><td>barnläkare</td></tr><tr><td style=\"white-space:nowrap\"><a name=\"x-http://snomed.info/sct-83685006\"> </a>\u00a0\u00a0<a href=\"http://snomed.info/id/83685006\">83685006</a></td><td>http://snomed.info/sct</td><td>gynekolog</td></tr><tr><td style=\"white-space:nowrap\"><a name=\"x-http://snomed.info/sct-88189002\"> </a>\u00a0\u00a0<a href=\"http://snomed.info/id/88189002\">88189002</a></td><td>http://snomed.info/sct</td><td>anestesiolog</td></tr><tr><td style=\"white-space:nowrap\"><a name=\"x-http://snomed.info/sct-90655003\"> </a>\u00a0\u00a0<a href=\"http://snomed.info/id/90655003\">90655003</a></td><td>http://snomed.info/sct</td><td>specialist inom geriatrik</td></tr><tr><td style=\"white-space:nowrap\"><a name=\"x-http://snomed.info/sct-309295000\"> </a>\u00a0\u00a0<a href=\"http://snomed.info/id/309295000\">309295000</a></td><td>http://snomed.info/sct</td><td>specialistläkare inom onkologi</td></tr><tr><td style=\"white-space:nowrap\"><a name=\"x-http://snomed.info/sct-309337009\"> </a>\u00a0\u00a0<a href=\"http://snomed.info/id/309337009\">309337009</a></td><td>http://snomed.info/sct</td><td>specialistläkare inom smärtlindring</td></tr><tr><td style=\"white-space:nowrap\"><a name=\"x-http://snomed.info/sct-309338004\"> </a>\u00a0\u00a0<a href=\"http://snomed.info/id/309338004\">309338004</a></td><td>http://snomed.info/sct</td><td>specialistläkare i intensivvård</td></tr><tr><td style=\"white-space:nowrap\"><a name=\"x-http://snomed.info/sct-309347007\"> </a>\u00a0\u00a0<a href=\"http://snomed.info/id/309347007\">309347007</a></td><td>http://snomed.info/sct</td><td>specialistläkare inom hematologi</td></tr><tr><td style=\"white-space:nowrap\"><a name=\"x-http://snomed.info/sct-309348002\"> </a>\u00a0\u00a0<a href=\"http://snomed.info/id/309348002\">309348002</a></td><td>http://snomed.info/sct</td><td>klinisk neurofysiolog</td></tr><tr><td style=\"white-space:nowrap\"><a name=\"x-http://snomed.info/sct-309349005\"> </a>\u00a0\u00a0<a href=\"http://snomed.info/id/309349005\">309349005</a></td><td>http://snomed.info/sct</td><td>klinisk fysiolog</td></tr><tr><td style=\"white-space:nowrap\"><a name=\"x-http://snomed.info/sct-309350005\"> </a>\u00a0\u00a0<a href=\"http://snomed.info/id/309350005\">309350005</a></td><td>http://snomed.info/sct</td><td>diabetolog</td></tr><tr><td style=\"white-space:nowrap\"><a name=\"x-http://snomed.info/sct-309355000\"> </a>\u00a0\u00a0<a href=\"http://snomed.info/id/309355000\">309355000</a></td><td>http://snomed.info/sct</td><td>klinisk genetiker</td></tr><tr><td style=\"white-space:nowrap\"><a name=\"x-http://snomed.info/sct-309359006\"> </a>\u00a0\u00a0<a href=\"http://snomed.info/id/309359006\">309359006</a></td><td>http://snomed.info/sct</td><td>läkare inom palliativ vård</td></tr><tr><td style=\"white-space:nowrap\"><a name=\"x-http://snomed.info/sct-309360001\"> </a>\u00a0\u00a0<a href=\"http://snomed.info/id/309360001\">309360001</a></td><td>http://snomed.info/sct</td><td>rehabiliteringsläkare</td></tr><tr><td style=\"white-space:nowrap\"><a name=\"x-http://snomed.info/sct-309361002\"> </a>\u00a0\u00a0<a href=\"http://snomed.info/id/309361002\">309361002</a></td><td>http://snomed.info/sct</td><td>barn- och ungdomspsykiatriker</td></tr><tr><td style=\"white-space:nowrap\"><a name=\"x-http://snomed.info/sct-309362009\"> </a>\u00a0\u00a0<a href=\"http://snomed.info/id/309362009\">309362009</a></td><td>http://snomed.info/sct</td><td>rättspsykiatriker</td></tr><tr><td style=\"white-space:nowrap\"><a name=\"x-http://snomed.info/sct-309364005\"> </a>\u00a0\u00a0<a href=\"http://snomed.info/id/309364005\">309364005</a></td><td>http://snomed.info/sct</td><td>äldrepsykiatriker</td></tr><tr><td style=\"white-space:nowrap\"><a name=\"x-http://snomed.info/sct-309372007\"> </a>\u00a0\u00a0<a href=\"http://snomed.info/id/309372007\">309372007</a></td><td>http://snomed.info/sct</td><td>öron-, näs- och halskirurg</td></tr><tr><td style=\"white-space:nowrap\"><a name=\"x-http://snomed.info/sct-309380000\"> </a>\u00a0\u00a0<a href=\"http://snomed.info/id/309380000\">309380000</a></td><td>http://snomed.info/sct</td><td>handkirurg</td></tr><tr><td style=\"white-space:nowrap\"><a name=\"x-http://snomed.info/sct-309383003\"> </a>\u00a0\u00a0<a href=\"http://snomed.info/id/309383003\">309383003</a></td><td>http://snomed.info/sct</td><td>barnkirurg</td></tr><tr><td style=\"white-space:nowrap\"><a name=\"x-http://snomed.info/sct-309388007\"> </a>\u00a0\u00a0<a href=\"http://snomed.info/id/309388007\">309388007</a></td><td>http://snomed.info/sct</td><td>kärlkirurg</td></tr><tr><td style=\"white-space:nowrap\"><a name=\"x-http://snomed.info/sct-310173006\"> </a>\u00a0\u00a0<a href=\"http://snomed.info/id/310173006\">310173006</a></td><td>http://snomed.info/sct</td><td>klinisk farmakolog</td></tr><tr><td style=\"white-space:nowrap\"><a name=\"x-http://snomed.info/sct-422234006\"> </a>\u00a0\u00a0<a href=\"http://snomed.info/id/422234006\">422234006</a></td><td>http://snomed.info/sct</td><td>ögonläkare</td></tr><tr><td style=\"white-space:nowrap\"><a name=\"x-http://snomed.info/sct-1251548000\"> </a>\u00a0\u00a0<a href=\"http://snomed.info/id/1251548000\">1251548000</a></td><td>http://snomed.info/sct</td><td>specialistläkare inom neuroradiologi</td></tr><tr><td style=\"white-space:nowrap\"><a name=\"x-http://snomed.info/sct-67801000052105\"> </a>\u00a0\u00a0<a href=\"http://snomed.info/id/67801000052105\">67801000052105</a></td><td>http://snomed.info/sct</td><td>barn- och ungdomsallergolog</td></tr><tr><td style=\"white-space:nowrap\"><a name=\"x-http://snomed.info/sct-67811000052107\"> </a>\u00a0\u00a0<a href=\"http://snomed.info/id/67811000052107\">67811000052107</a></td><td>http://snomed.info/sct</td><td>specialist inom barn- och ungdomshematologi och -onkologi</td></tr><tr><td style=\"white-space:nowrap\"><a name=\"x-http://snomed.info/sct-67831000052102\"> </a>\u00a0\u00a0<a href=\"http://snomed.info/id/67831000052102\">67831000052102</a></td><td>http://snomed.info/sct</td><td>specialistläkare inom barn- och ungdomsneurologi med habilitering</td></tr><tr><td style=\"white-space:nowrap\"><a name=\"x-http://snomed.info/sct-67851000052106\"> </a>\u00a0\u00a0<a href=\"http://snomed.info/id/67851000052106\">67851000052106</a></td><td>http://snomed.info/sct</td><td>akutläkare</td></tr><tr><td style=\"white-space:nowrap\"><a name=\"x-http://snomed.info/sct-67861000052109\"> </a>\u00a0\u00a0<a href=\"http://snomed.info/id/67861000052109\">67861000052109</a></td><td>http://snomed.info/sct</td><td>specialist inom arbets- och miljömedicin</td></tr><tr><td style=\"white-space:nowrap\"><a name=\"x-http://snomed.info/sct-67881000052103\"> </a>\u00a0\u00a0<a href=\"http://snomed.info/id/67881000052103\">67881000052103</a></td><td>http://snomed.info/sct</td><td>specialistläkare inom hud- och könssjukdomar med inriktning på könssjukdomar</td></tr><tr><td style=\"white-space:nowrap\"><a name=\"x-http://snomed.info/sct-67891000052101\"> </a>\u00a0\u00a0<a href=\"http://snomed.info/id/67891000052101\">67891000052101</a></td><td>http://snomed.info/sct</td><td>specialistläkare inom rättsmedicin</td></tr><tr><td style=\"white-space:nowrap\"><a name=\"x-http://snomed.info/sct-67901000052100\"> </a>\u00a0\u00a0<a href=\"http://snomed.info/id/67901000052100\">67901000052100</a></td><td>http://snomed.info/sct</td><td>specialist inom socialmedicin</td></tr><tr><td style=\"white-space:nowrap\"><a name=\"x-http://snomed.info/sct-67911000052103\"> </a>\u00a0\u00a0<a href=\"http://snomed.info/id/67911000052103\">67911000052103</a></td><td>http://snomed.info/sct</td><td>specialist inom medicinsk gastroenterologi och hepatologi med inriktning på hepatologi</td></tr><tr><td style=\"white-space:nowrap\"><a name=\"x-http://snomed.info/sct-67921000052106\"> </a>\u00a0\u00a0<a href=\"http://snomed.info/id/67921000052106\">67921000052106</a></td><td>http://snomed.info/sct</td><td>specialistläkare inom röst- och talrubbningar</td></tr><tr><td style=\"white-space:nowrap\"><a name=\"x-http://snomed.info/sct-67931000052108\"> </a>\u00a0\u00a0<a href=\"http://snomed.info/id/67931000052108\">67931000052108</a></td><td>http://snomed.info/sct</td><td>specialistläkare inom hörsel- och balansrubbningar</td></tr><tr><td style=\"white-space:nowrap\"><a name=\"x-http://snomed.info/sct-67941000052102\"> </a>\u00a0\u00a0<a href=\"http://snomed.info/id/67941000052102\">67941000052102</a></td><td>http://snomed.info/sct</td><td>specialist inom klinisk immunologi och transfusionsmedicin</td></tr><tr><td style=\"white-space:nowrap\"><a name=\"x-http://snomed.info/sct-67981000052107\"> </a>\u00a0\u00a0<a href=\"http://snomed.info/id/67981000052107\">67981000052107</a></td><td>http://snomed.info/sct</td><td>allergolog</td></tr><tr><td style=\"white-space:nowrap\"><a name=\"x-http://snomed.info/sct-68011000052101\"> </a>\u00a0\u00a0<a href=\"http://snomed.info/id/68011000052101\">68011000052101</a></td><td>http://snomed.info/sct</td><td>specialist inom arbetsmedicin</td></tr><tr><td style=\"white-space:nowrap\"><a name=\"x-http://snomed.info/sct-68021000052109\"> </a>\u00a0\u00a0<a href=\"http://snomed.info/id/68021000052109\">68021000052109</a></td><td>http://snomed.info/sct</td><td>specialistläkare inom beroendemedicin</td></tr><tr><td style=\"white-space:nowrap\"><a name=\"x-http://snomed.info/sct-68041000052100\"> </a>\u00a0\u00a0<a href=\"http://snomed.info/id/68041000052100\">68041000052100</a></td><td>http://snomed.info/sct</td><td>specialist inom gynekologisk onkologi</td></tr><tr><td style=\"white-space:nowrap\"><a name=\"x-http://snomed.info/sct-68051000052102\"> </a>\u00a0\u00a0<a href=\"http://snomed.info/id/68051000052102\">68051000052102</a></td><td>http://snomed.info/sct</td><td>specialist inom skolhälsovård</td></tr><tr><td style=\"white-space:nowrap\"><a name=\"x-http://snomed.info/sct-68061000052104\"> </a>\u00a0\u00a0<a href=\"http://snomed.info/id/68061000052104\">68061000052104</a></td><td>http://snomed.info/sct</td><td>vårdhygieniker</td></tr><tr><td style=\"white-space:nowrap\"><a name=\"x-http://snomed.info/sct-37154003\"> </a>\u00a0\u00a0<a href=\"http://snomed.info/id/37154003\">37154003</a></td><td>http://snomed.info/sct</td><td>parodontolog</td></tr><tr><td style=\"white-space:nowrap\"><a name=\"x-http://snomed.info/sct-37504001\"> </a>\u00a0\u00a0<a href=\"http://snomed.info/id/37504001\">37504001</a></td><td>http://snomed.info/sct</td><td>ortodontist</td></tr><tr><td style=\"white-space:nowrap\"><a name=\"x-http://snomed.info/sct-49993003\"> </a>\u00a0\u00a0<a href=\"http://snomed.info/id/49993003\">49993003</a></td><td>http://snomed.info/sct</td><td>käkkirurg</td></tr><tr><td style=\"white-space:nowrap\"><a name=\"x-http://snomed.info/sct-50149000\"> </a>\u00a0\u00a0<a href=\"http://snomed.info/id/50149000\">50149000</a></td><td>http://snomed.info/sct</td><td>endodontist</td></tr><tr><td style=\"white-space:nowrap\"><a name=\"x-http://snomed.info/sct-68950000\"> </a>\u00a0\u00a0<a href=\"http://snomed.info/id/68950000\">68950000</a></td><td>http://snomed.info/sct</td><td>protetiker</td></tr><tr><td style=\"white-space:nowrap\"><a name=\"x-http://snomed.info/sct-90201008\"> </a>\u00a0\u00a0<a href=\"http://snomed.info/id/90201008\">90201008</a></td><td>http://snomed.info/sct</td><td>pedodontist</td></tr><tr><td style=\"white-space:nowrap\"><a name=\"x-http://snomed.info/sct-68141000052104\"> </a>\u00a0\u00a0<a href=\"http://snomed.info/id/68141000052104\">68141000052104</a></td><td>http://snomed.info/sct</td><td>bettfysiolog</td></tr><tr><td style=\"white-space:nowrap\"><a name=\"x-http://snomed.info/sct-68151000052101\"> </a>\u00a0\u00a0<a href=\"http://snomed.info/id/68151000052101\">68151000052101</a></td><td>http://snomed.info/sct</td><td>odontologisk radiolog</td></tr><tr><td style=\"white-space:nowrap\"><a name=\"x-http://snomed.info/sct-68161000052103\"> </a>\u00a0\u00a0<a href=\"http://snomed.info/id/68161000052103\">68161000052103</a></td><td>http://snomed.info/sct</td><td>specialist i orofacial medicin</td></tr></table></div>"
      },
      "url" : "http://hl7.se/fhir/ig/base/ValueSet/SEBaseSKRYrkeSpecialtyVS",
      "version" : "1.1.0",
      "name" : "SEBaseSKRYrkeSpecialtyVS",
      "title" : "SKR ValueSet for clinical specialties",
      "status" : "active",
      "experimental" : false,
      "date" : "2025-05-20T13:02:08+02:00",
      "jurisdiction" : [{
        "coding" : [{
          "system" : "urn:iso:std:iso:3166",
          "code" : "SE"
        }]
      }],
      "expansion" : {
        "extension" : [{
          "url" : "http://hl7.org/fhir/StructureDefinition/valueset-unclosed",
          "valueBoolean" : true
        }],
        "identifier" : "urn:uuid:707db8d0-d150-478a-924f-d78e77723073",
        "timestamp" : "2025-05-20T13:03:16+02:00",
        "offset" : 0,
        "parameter" : [{
          "name" : "displayLanguage",
          "valueCode" : "sv-SE"
        },
        {
          "name" : "count",
          "valueInteger" : 1000
        },
        {
          "name" : "offset",
          "valueInteger" : 0
        },
        {
          "name" : "excludeNested",
          "valueBoolean" : false
        },
        {
          "name" : "used-valueset",
          "valueUri" : "null"
        },
        {
          "name" : "used-codesystem",
          "valueUri" : "http://snomed.info/sct|http://snomed.info/sct/45991000052106/version/20231130"
        },
        {
          "name" : "version",
          "valueUri" : "http://snomed.info/sct|http://snomed.info/sct/45991000052106/version/20231130"
        },
        {
          "name" : "excludeNested",
          "valueBoolean" : true
        }],
        "contains" : [{
          "system" : "http://snomed.info/sct",
          "code" : "43702002",
          "display" : "företagssjuksköterska"
        },
        {
          "system" : "http://snomed.info/sct",
          "code" : "158997000",
          "display" : "distriktssköterska"
        },
        {
          "system" : "http://snomed.info/sct",
          "code" : "159003003",
          "display" : "skolsköterska"
        },
        {
          "system" : "http://snomed.info/sct",
          "code" : "224537001",
          "display" : "akutsjuksköterska"
        },
        {
          "system" : "http://snomed.info/sct",
          "code" : "224542009",
          "display" : "hjärtsjuksköterska"
        },
        {
          "system" : "http://snomed.info/sct",
          "code" : "224543004",
          "display" : "diabetessjuksköterska"
        },
        {
          "system" : "http://snomed.info/sct",
          "code" : "224545006",
          "display" : "geriatriksjuksköterska"
        },
        {
          "system" : "http://snomed.info/sct",
          "code" : "224547003",
          "display" : "intensivvårdssjuksköterska"
        },
        {
          "system" : "http://snomed.info/sct",
          "code" : "224552008",
          "display" : "onkologisjuksköterska"
        },
        {
          "system" : "http://snomed.info/sct",
          "code" : "224556006",
          "display" : "sjuksköterska inom palliativ vård"
        },
        {
          "system" : "http://snomed.info/sct",
          "code" : "224562001",
          "display" : "barnsjuksköterska"
        },
        {
          "system" : "http://snomed.info/sct",
          "code" : "224563006",
          "display" : "psykiatrisjuksköterska"
        },
        {
          "system" : "http://snomed.info/sct",
          "code" : "309445003",
          "display" : "anestesisjuksköterska"
        },
        {
          "system" : "http://snomed.info/sct",
          "code" : "415075003",
          "display" : "operationssjuksköterska"
        },
        {
          "system" : "http://snomed.info/sct",
          "code" : "68441000052105",
          "display" : "ambulanssjuksköterska"
        },
        {
          "system" : "http://snomed.info/sct",
          "code" : "68451000052108",
          "display" : "kirurgsjuksköterska"
        },
        {
          "system" : "http://snomed.info/sct",
          "code" : "68461000052106",
          "display" : "medicinsjuksköterska"
        },
        {
          "system" : "http://snomed.info/sct",
          "code" : "68471000052102",
          "display" : "demenssjuksköterska"
        },
        {
          "system" : "http://snomed.info/sct",
          "code" : "68481000052100",
          "display" : "infektionssjuksköterska"
        },
        {
          "system" : "http://snomed.info/sct",
          "code" : "68491000052103",
          "display" : "neurosjuksköterska"
        },
        {
          "system" : "http://snomed.info/sct",
          "code" : "68501000052106",
          "display" : "ögonsjuksköterska"
        },
        {
          "system" : "http://snomed.info/sct",
          "code" : "68511000052108",
          "display" : "ortoptist"
        },
        {
          "system" : "http://snomed.info/sct",
          "code" : "8724009",
          "display" : "plastikkirurg"
        },
        {
          "system" : "http://snomed.info/sct",
          "code" : "11911009",
          "display" : "njurläkare"
        },
        {
          "system" : "http://snomed.info/sct",
          "code" : "11935004",
          "display" : "förlossningsläkare"
        },
        {
          "system" : "http://snomed.info/sct",
          "code" : "14698002",
          "display" : "klinisk mikrobiolog"
        },
        {
          "system" : "http://snomed.info/sct",
          "code" : "17561000",
          "display" : "kardiolog"
        },
        {
          "system" : "http://snomed.info/sct",
          "code" : "18803008",
          "display" : "dermatolog"
        },
        {
          "system" : "http://snomed.info/sct",
          "code" : "22731001",
          "display" : "ortoped"
        },
        {
          "system" : "http://snomed.info/sct",
          "code" : "22983004",
          "display" : "toraxkirurg"
        },
        {
          "system" : "http://snomed.info/sct",
          "code" : "24590004",
          "display" : "urolog"
        },
        {
          "system" : "http://snomed.info/sct",
          "code" : "28411006",
          "display" : "neonatolog"
        },
        {
          "system" : "http://snomed.info/sct",
          "code" : "28544002",
          "display" : "klinisk kemist"
        },
        {
          "system" : "http://snomed.info/sct",
          "code" : "39677007",
          "display" : "specialist i invärtesmedicin"
        },
        {
          "system" : "http://snomed.info/sct",
          "code" : "41672002",
          "display" : "lungläkare"
        },
        {
          "system" : "http://snomed.info/sct",
          "code" : "45440000",
          "display" : "reumatolog"
        },
        {
          "system" : "http://snomed.info/sct",
          "code" : "45544007",
          "display" : "neurokirurg"
        },
        {
          "system" : "http://snomed.info/sct",
          "code" : "56397003",
          "display" : "neurolog"
        },
        {
          "system" : "http://snomed.info/sct",
          "code" : "61207006",
          "display" : "patolog"
        },
        {
          "system" : "http://snomed.info/sct",
          "code" : "61894003",
          "display" : "endokrinolog"
        },
        {
          "system" : "http://snomed.info/sct",
          "code" : "62247001",
          "display" : "specialistläkare inom allmänmedicin"
        },
        {
          "system" : "http://snomed.info/sct",
          "code" : "66862007",
          "display" : "radiolog"
        },
        {
          "system" : "http://snomed.info/sct",
          "code" : "71838004",
          "display" : "gastroenterolog"
        },
        {
          "system" : "http://snomed.info/sct",
          "code" : "76899008",
          "display" : "specialistläkare inom infektionssjukdomar"
        },
        {
          "system" : "http://snomed.info/sct",
          "code" : "78703002",
          "display" : "allmänkirurg"
        },
        {
          "system" : "http://snomed.info/sct",
          "code" : "80584001",
          "display" : "psykiatriker"
        },
        {
          "system" : "http://snomed.info/sct",
          "code" : "80933006",
          "display" : "specialist inom nuklearmedicin"
        },
        {
          "system" : "http://snomed.info/sct",
          "code" : "82296001",
          "display" : "barnläkare"
        },
        {
          "system" : "http://snomed.info/sct",
          "code" : "83685006",
          "display" : "gynekolog"
        },
        {
          "system" : "http://snomed.info/sct",
          "code" : "88189002",
          "display" : "anestesiolog"
        },
        {
          "system" : "http://snomed.info/sct",
          "code" : "90655003",
          "display" : "specialist inom geriatrik"
        },
        {
          "system" : "http://snomed.info/sct",
          "code" : "309295000",
          "display" : "specialistläkare inom onkologi"
        },
        {
          "system" : "http://snomed.info/sct",
          "code" : "309337009",
          "display" : "specialistläkare inom smärtlindring"
        },
        {
          "system" : "http://snomed.info/sct",
          "code" : "309338004",
          "display" : "specialistläkare i intensivvård"
        },
        {
          "system" : "http://snomed.info/sct",
          "code" : "309347007",
          "display" : "specialistläkare inom hematologi"
        },
        {
          "system" : "http://snomed.info/sct",
          "code" : "309348002",
          "display" : "klinisk neurofysiolog"
        },
        {
          "system" : "http://snomed.info/sct",
          "code" : "309349005",
          "display" : "klinisk fysiolog"
        },
        {
          "system" : "http://snomed.info/sct",
          "code" : "309350005",
          "display" : "diabetolog"
        },
        {
          "system" : "http://snomed.info/sct",
          "code" : "309355000",
          "display" : "klinisk genetiker"
        },
        {
          "system" : "http://snomed.info/sct",
          "code" : "309359006",
          "display" : "läkare inom palliativ vård"
        },
        {
          "system" : "http://snomed.info/sct",
          "code" : "309360001",
          "display" : "rehabiliteringsläkare"
        },
        {
          "system" : "http://snomed.info/sct",
          "code" : "309361002",
          "display" : "barn- och ungdomspsykiatriker"
        },
        {
          "system" : "http://snomed.info/sct",
          "code" : "309362009",
          "display" : "rättspsykiatriker"
        },
        {
          "system" : "http://snomed.info/sct",
          "code" : "309364005",
          "display" : "äldrepsykiatriker"
        },
        {
          "system" : "http://snomed.info/sct",
          "code" : "309372007",
          "display" : "öron-, näs- och halskirurg"
        },
        {
          "system" : "http://snomed.info/sct",
          "code" : "309380000",
          "display" : "handkirurg"
        },
        {
          "system" : "http://snomed.info/sct",
          "code" : "309383003",
          "display" : "barnkirurg"
        },
        {
          "system" : "http://snomed.info/sct",
          "code" : "309388007",
          "display" : "kärlkirurg"
        },
        {
          "system" : "http://snomed.info/sct",
          "code" : "310173006",
          "display" : "klinisk farmakolog"
        },
        {
          "system" : "http://snomed.info/sct",
          "code" : "422234006",
          "display" : "ögonläkare"
        },
        {
          "system" : "http://snomed.info/sct",
          "code" : "1251548000",
          "display" : "specialistläkare inom neuroradiologi"
        },
        {
          "system" : "http://snomed.info/sct",
          "code" : "67801000052105",
          "display" : "barn- och ungdomsallergolog"
        },
        {
          "system" : "http://snomed.info/sct",
          "code" : "67811000052107",
          "display" : "specialist inom barn- och ungdomshematologi och -onkologi"
        },
        {
          "system" : "http://snomed.info/sct",
          "code" : "67831000052102",
          "display" : "specialistläkare inom barn- och ungdomsneurologi med habilitering"
        },
        {
          "system" : "http://snomed.info/sct",
          "code" : "67851000052106",
          "display" : "akutläkare"
        },
        {
          "system" : "http://snomed.info/sct",
          "code" : "67861000052109",
          "display" : "specialist inom arbets- och miljömedicin"
        },
        {
          "system" : "http://snomed.info/sct",
          "code" : "67881000052103",
          "display" : "specialistläkare inom hud- och könssjukdomar med inriktning på könssjukdomar"
        },
        {
          "system" : "http://snomed.info/sct",
          "code" : "67891000052101",
          "display" : "specialistläkare inom rättsmedicin"
        },
        {
          "system" : "http://snomed.info/sct",
          "code" : "67901000052100",
          "display" : "specialist inom socialmedicin"
        },
        {
          "system" : "http://snomed.info/sct",
          "code" : "67911000052103",
          "display" : "specialist inom medicinsk gastroenterologi och hepatologi med inriktning på hepatologi"
        },
        {
          "system" : "http://snomed.info/sct",
          "code" : "67921000052106",
          "display" : "specialistläkare inom röst- och talrubbningar"
        },
        {
          "system" : "http://snomed.info/sct",
          "code" : "67931000052108",
          "display" : "specialistläkare inom hörsel- och balansrubbningar"
        },
        {
          "system" : "http://snomed.info/sct",
          "code" : "67941000052102",
          "display" : "specialist inom klinisk immunologi och transfusionsmedicin"
        },
        {
          "system" : "http://snomed.info/sct",
          "code" : "67981000052107",
          "display" : "allergolog"
        },
        {
          "system" : "http://snomed.info/sct",
          "code" : "68011000052101",
          "display" : "specialist inom arbetsmedicin"
        },
        {
          "system" : "http://snomed.info/sct",
          "code" : "68021000052109",
          "display" : "specialistläkare inom beroendemedicin"
        },
        {
          "system" : "http://snomed.info/sct",
          "code" : "68041000052100",
          "display" : "specialist inom gynekologisk onkologi"
        },
        {
          "system" : "http://snomed.info/sct",
          "code" : "68051000052102",
          "display" : "specialist inom skolhälsovård"
        },
        {
          "system" : "http://snomed.info/sct",
          "code" : "68061000052104",
          "display" : "vårdhygieniker"
        },
        {
          "system" : "http://snomed.info/sct",
          "code" : "37154003",
          "display" : "parodontolog"
        },
        {
          "system" : "http://snomed.info/sct",
          "code" : "37504001",
          "display" : "ortodontist"
        },
        {
          "system" : "http://snomed.info/sct",
          "code" : "49993003",
          "display" : "käkkirurg"
        },
        {
          "system" : "http://snomed.info/sct",
          "code" : "50149000",
          "display" : "endodontist"
        },
        {
          "system" : "http://snomed.info/sct",
          "code" : "68950000",
          "display" : "protetiker"
        },
        {
          "system" : "http://snomed.info/sct",
          "code" : "90201008",
          "display" : "pedodontist"
        },
        {
          "system" : "http://snomed.info/sct",
          "code" : "68141000052104",
          "display" : "bettfysiolog"
        },
        {
          "system" : "http://snomed.info/sct",
          "code" : "68151000052101",
          "display" : "odontologisk radiolog"
        },
        {
          "system" : "http://snomed.info/sct",
          "code" : "68161000052103",
          "display" : "specialist i orofacial medicin"
        }]
      }
    }
  },
  {
    "fullUrl" : "http://hl7.se/fhir/ig/base/ValueSet/SEBaseSKRYrkeVS",
    "resource" : {
      "resourceType" : "ValueSet",
      "text" : {
        "status" : "generated",
        "div" : "<div xmlns=\"http://www.w3.org/1999/xhtml\"><p class=\"res-header-id\"><b>ValueSet </b></p><p style=\"border: black 1px dotted; background-color: #EEEEEE; padding: 8px; margin-bottom: 8px\">Expansion from tx.fhir.org based on SNOMED CT Swedish edition 30-Nov 2023</p><p>This value set expansion contains 83 concepts.</p><table class=\"codes\"><tr><td style=\"white-space:nowrap\"><b>Code</b></td><td><b>System</b></td><td><b>Display (sv-SE)</b></td></tr><tr><td style=\"white-space:nowrap\"><a name=\"x-http://snomed.info/sct-3842006\"> </a>\u00a0\u00a0<a href=\"http://snomed.info/id/3842006\">3842006</a></td><td>http://snomed.info/sct</td><td>kiropraktor</td></tr><tr><td style=\"white-space:nowrap\"><a name=\"x-http://snomed.info/sct-26042002\"> </a>\u00a0\u00a0<a href=\"http://snomed.info/id/26042002\">26042002</a></td><td>http://snomed.info/sct</td><td>tandhygienist</td></tr><tr><td style=\"white-space:nowrap\"><a name=\"x-http://snomed.info/sct-28229004\"> </a>\u00a0\u00a0<a href=\"http://snomed.info/id/28229004\">28229004</a></td><td>http://snomed.info/sct</td><td>optiker</td></tr><tr><td style=\"white-space:nowrap\"><a name=\"x-http://snomed.info/sct-36682004\"> </a>\u00a0\u00a0<a href=\"http://snomed.info/id/36682004\">36682004</a></td><td>http://snomed.info/sct</td><td>sjukgymnast</td></tr><tr><td style=\"white-space:nowrap\"><a name=\"x-http://snomed.info/sct-46255001\"> </a>\u00a0\u00a0<a href=\"http://snomed.info/id/46255001\">46255001</a></td><td>http://snomed.info/sct</td><td>apotekare</td></tr><tr><td style=\"white-space:nowrap\"><a name=\"x-http://snomed.info/sct-59944000\"> </a>\u00a0\u00a0<a href=\"http://snomed.info/id/59944000\">59944000</a></td><td>http://snomed.info/sct</td><td>psykolog</td></tr><tr><td style=\"white-space:nowrap\"><a name=\"x-http://snomed.info/sct-80546007\"> </a>\u00a0\u00a0<a href=\"http://snomed.info/id/80546007\">80546007</a></td><td>http://snomed.info/sct</td><td>arbetsterapeut</td></tr><tr><td style=\"white-space:nowrap\"><a name=\"x-http://snomed.info/sct-106289002\"> </a>\u00a0\u00a0<a href=\"http://snomed.info/id/106289002\">106289002</a></td><td>http://snomed.info/sct</td><td>tandläkare</td></tr><tr><td style=\"white-space:nowrap\"><a name=\"x-http://snomed.info/sct-106292003\"> </a>\u00a0\u00a0<a href=\"http://snomed.info/id/106292003\">106292003</a></td><td>http://snomed.info/sct</td><td>sjuksköterska</td></tr><tr><td style=\"white-space:nowrap\"><a name=\"x-http://snomed.info/sct-158950001\"> </a>\u00a0\u00a0<a href=\"http://snomed.info/id/158950001\">158950001</a></td><td>http://snomed.info/sct</td><td>hälso- och sjukvårdskurator</td></tr><tr><td style=\"white-space:nowrap\"><a name=\"x-http://snomed.info/sct-159017007\"> </a>\u00a0\u00a0<a href=\"http://snomed.info/id/159017007\">159017007</a></td><td>http://snomed.info/sct</td><td>röntgensjuksköterska</td></tr><tr><td style=\"white-space:nowrap\"><a name=\"x-http://snomed.info/sct-159026005\"> </a>\u00a0\u00a0<a href=\"http://snomed.info/id/159026005\">159026005</a></td><td>http://snomed.info/sct</td><td>logoped</td></tr><tr><td style=\"white-space:nowrap\"><a name=\"x-http://snomed.info/sct-159033005\"> </a>\u00a0\u00a0<a href=\"http://snomed.info/id/159033005\">159033005</a></td><td>http://snomed.info/sct</td><td>dietist</td></tr><tr><td style=\"white-space:nowrap\"><a name=\"x-http://snomed.info/sct-224588003\"> </a>\u00a0\u00a0<a href=\"http://snomed.info/id/224588003\">224588003</a></td><td>http://snomed.info/sct</td><td>psykoterapeut</td></tr><tr><td style=\"white-space:nowrap\"><a name=\"x-http://snomed.info/sct-309418004\"> </a>\u00a0\u00a0<a href=\"http://snomed.info/id/309418004\">309418004</a></td><td>http://snomed.info/sct</td><td>audionom</td></tr><tr><td style=\"white-space:nowrap\"><a name=\"x-http://snomed.info/sct-309428008\"> </a>\u00a0\u00a0<a href=\"http://snomed.info/id/309428008\">309428008</a></td><td>http://snomed.info/sct</td><td>ortopedingenjör</td></tr><tr><td style=\"white-space:nowrap\"><a name=\"x-http://snomed.info/sct-309453006\"> </a>\u00a0\u00a0<a href=\"http://snomed.info/id/309453006\">309453006</a></td><td>http://snomed.info/sct</td><td>legitimerad barnmorska</td></tr><tr><td style=\"white-space:nowrap\"><a name=\"x-http://snomed.info/sct-386626000\"> </a>\u00a0\u00a0<a href=\"http://snomed.info/id/386626000\">386626000</a></td><td>http://snomed.info/sct</td><td>biomedicinsk analytiker</td></tr><tr><td style=\"white-space:nowrap\"><a name=\"x-http://snomed.info/sct-1254952007\"> </a>\u00a0\u00a0<a href=\"http://snomed.info/id/1254952007\">1254952007</a></td><td>http://snomed.info/sct</td><td>sjukhusfysiker</td></tr><tr><td style=\"white-space:nowrap\"><a name=\"x-http://snomed.info/sct-68081000052105\"> </a>\u00a0\u00a0<a href=\"http://snomed.info/id/68081000052105\">68081000052105</a></td><td>http://snomed.info/sct</td><td>legitimerad läkare</td></tr><tr><td style=\"white-space:nowrap\"><a name=\"x-http://snomed.info/sct-68171000052107\"> </a>\u00a0\u00a0<a href=\"http://snomed.info/id/68171000052107\">68171000052107</a></td><td>http://snomed.info/sct</td><td>naprapat</td></tr><tr><td style=\"white-space:nowrap\"><a name=\"x-http://snomed.info/sct-68201000052108\"> </a>\u00a0\u00a0<a href=\"http://snomed.info/id/68201000052108\">68201000052108</a></td><td>http://snomed.info/sct</td><td>receptarie</td></tr><tr><td style=\"white-space:nowrap\"><a name=\"x-http://snomed.info/sct-4162009\"> </a>\u00a0\u00a0<a href=\"http://snomed.info/id/4162009\">4162009</a></td><td>http://snomed.info/sct</td><td>tandsköterska</td></tr><tr><td style=\"white-space:nowrap\"><a name=\"x-http://snomed.info/sct-40570005\"> </a>\u00a0\u00a0<a href=\"http://snomed.info/id/40570005\">40570005</a></td><td>http://snomed.info/sct</td><td>tolk</td></tr><tr><td style=\"white-space:nowrap\"><a name=\"x-http://snomed.info/sct-59169001\"> </a>\u00a0\u00a0<a href=\"http://snomed.info/id/59169001\">59169001</a></td><td>http://snomed.info/sct</td><td>ortopedtekniker</td></tr><tr><td style=\"white-space:nowrap\"><a name=\"x-http://snomed.info/sct-106308006\"> </a>\u00a0\u00a0<a href=\"http://snomed.info/id/106308006\">106308006</a></td><td>http://snomed.info/sct</td><td>förskollärare</td></tr><tr><td style=\"white-space:nowrap\"><a name=\"x-http://snomed.info/sct-106309003\"> </a>\u00a0\u00a0<a href=\"http://snomed.info/id/106309003\">106309003</a></td><td>http://snomed.info/sct</td><td>speciallärare</td></tr><tr><td style=\"white-space:nowrap\"><a name=\"x-http://snomed.info/sct-159005005\"> </a>\u00a0\u00a0<a href=\"http://snomed.info/id/159005005\">159005005</a></td><td>http://snomed.info/sct</td><td>sjuksköterskestuderande</td></tr><tr><td style=\"white-space:nowrap\"><a name=\"x-http://snomed.info/sct-159034004\"> </a>\u00a0\u00a0<a href=\"http://snomed.info/id/159034004\">159034004</a></td><td>http://snomed.info/sct</td><td>fotvårdsspecialist</td></tr><tr><td style=\"white-space:nowrap\"><a name=\"x-http://snomed.info/sct-159039009\"> </a>\u00a0\u00a0<a href=\"http://snomed.info/id/159039009\">159039009</a></td><td>http://snomed.info/sct</td><td>audiologtekniker</td></tr><tr><td style=\"white-space:nowrap\"><a name=\"x-http://snomed.info/sct-159282002\"> </a>\u00a0\u00a0<a href=\"http://snomed.info/id/159282002\">159282002</a></td><td>http://snomed.info/sct</td><td>laboratorietekniker</td></tr><tr><td style=\"white-space:nowrap\"><a name=\"x-http://snomed.info/sct-160008000\"> </a>\u00a0\u00a0<a href=\"http://snomed.info/id/160008000\">160008000</a></td><td>http://snomed.info/sct</td><td>tandtekniker</td></tr><tr><td style=\"white-space:nowrap\"><a name=\"x-http://snomed.info/sct-184152007\"> </a>\u00a0\u00a0<a href=\"http://snomed.info/id/184152007\">184152007</a></td><td>http://snomed.info/sct</td><td>vårdbiträde</td></tr><tr><td style=\"white-space:nowrap\"><a name=\"x-http://snomed.info/sct-224577009\"> </a>\u00a0\u00a0<a href=\"http://snomed.info/id/224577009\">224577009</a></td><td>http://snomed.info/sct</td><td>undersköterska</td></tr><tr><td style=\"white-space:nowrap\"><a name=\"x-http://snomed.info/sct-224587008\"> </a>\u00a0\u00a0<a href=\"http://snomed.info/id/224587008\">224587008</a></td><td>http://snomed.info/sct</td><td>arbetsterapibiträde</td></tr><tr><td style=\"white-space:nowrap\"><a name=\"x-http://snomed.info/sct-224590002\"> </a>\u00a0\u00a0<a href=\"http://snomed.info/id/224590002\">224590002</a></td><td>http://snomed.info/sct</td><td>lekterapeut</td></tr><tr><td style=\"white-space:nowrap\"><a name=\"x-http://snomed.info/sct-307984008\"> </a>\u00a0\u00a0<a href=\"http://snomed.info/id/307984008\">307984008</a></td><td>http://snomed.info/sct</td><td>behandlingsassistent</td></tr><tr><td style=\"white-space:nowrap\"><a name=\"x-http://snomed.info/sct-309404006\"> </a>\u00a0\u00a0<a href=\"http://snomed.info/id/309404006\">309404006</a></td><td>http://snomed.info/sct</td><td>sjukgymnastassistent</td></tr><tr><td style=\"white-space:nowrap\"><a name=\"x-http://snomed.info/sct-309411005\"> </a>\u00a0\u00a0<a href=\"http://snomed.info/id/309411005\">309411005</a></td><td>http://snomed.info/sct</td><td>dansterapeut</td></tr><tr><td style=\"white-space:nowrap\"><a name=\"x-http://snomed.info/sct-309412003\"> </a>\u00a0\u00a0<a href=\"http://snomed.info/id/309412003\">309412003</a></td><td>http://snomed.info/sct</td><td>musikterapeut</td></tr><tr><td style=\"white-space:nowrap\"><a name=\"x-http://snomed.info/sct-309454000\"> </a>\u00a0\u00a0<a href=\"http://snomed.info/id/309454000\">309454000</a></td><td>http://snomed.info/sct</td><td>barnmorskestuderande</td></tr><tr><td style=\"white-space:nowrap\"><a name=\"x-http://snomed.info/sct-310194009\"> </a>\u00a0\u00a0<a href=\"http://snomed.info/id/310194009\">310194009</a></td><td>http://snomed.info/sct</td><td>hjälpmedelskonsulent</td></tr><tr><td style=\"white-space:nowrap\"><a name=\"x-http://snomed.info/sct-394572006\"> </a>\u00a0\u00a0<a href=\"http://snomed.info/id/394572006\">394572006</a></td><td>http://snomed.info/sct</td><td>läkarsekreterare</td></tr><tr><td style=\"white-space:nowrap\"><a name=\"x-http://snomed.info/sct-397897005\"> </a>\u00a0\u00a0<a href=\"http://snomed.info/id/397897005\">397897005</a></td><td>http://snomed.info/sct</td><td>ambulansjukvårdare</td></tr><tr><td style=\"white-space:nowrap\"><a name=\"x-http://snomed.info/sct-398130009\"> </a>\u00a0\u00a0<a href=\"http://snomed.info/id/398130009\">398130009</a></td><td>http://snomed.info/sct</td><td>läkarstuderande</td></tr><tr><td style=\"white-space:nowrap\"><a name=\"x-http://snomed.info/sct-409974004\"> </a>\u00a0\u00a0<a href=\"http://snomed.info/id/409974004\">409974004</a></td><td>http://snomed.info/sct</td><td>hälsopedagog</td></tr><tr><td style=\"white-space:nowrap\"><a name=\"x-http://snomed.info/sct-721942007\"> </a>\u00a0\u00a0<a href=\"http://snomed.info/id/721942007\">721942007</a></td><td>http://snomed.info/sct</td><td>hjärt-kärlperfusionist</td></tr><tr><td style=\"white-space:nowrap\"><a name=\"x-http://snomed.info/sct-768822006\"> </a>\u00a0\u00a0<a href=\"http://snomed.info/id/768822006\">768822006</a></td><td>http://snomed.info/sct</td><td>rehabiliteringssamordnare</td></tr><tr><td style=\"white-space:nowrap\"><a name=\"x-http://snomed.info/sct-67951000052104\"> </a>\u00a0\u00a0<a href=\"http://snomed.info/id/67951000052104\">67951000052104</a></td><td>http://snomed.info/sct</td><td>arbetsterapeutstuderande</td></tr><tr><td style=\"white-space:nowrap\"><a name=\"x-http://snomed.info/sct-67961000052101\"> </a>\u00a0\u00a0<a href=\"http://snomed.info/id/67961000052101\">67961000052101</a></td><td>http://snomed.info/sct</td><td>audionomstuderande</td></tr><tr><td style=\"white-space:nowrap\"><a name=\"x-http://snomed.info/sct-67971000052105\"> </a>\u00a0\u00a0<a href=\"http://snomed.info/id/67971000052105\">67971000052105</a></td><td>http://snomed.info/sct</td><td>dietiststuderande</td></tr><tr><td style=\"white-space:nowrap\"><a name=\"x-http://snomed.info/sct-67991000052109\"> </a>\u00a0\u00a0<a href=\"http://snomed.info/id/67991000052109\">67991000052109</a></td><td>http://snomed.info/sct</td><td>farmaceutstuderande</td></tr><tr><td style=\"white-space:nowrap\"><a name=\"x-http://snomed.info/sct-68001000052103\"> </a>\u00a0\u00a0<a href=\"http://snomed.info/id/68001000052103\">68001000052103</a></td><td>http://snomed.info/sct</td><td>fysioterapeutstuderande</td></tr><tr><td style=\"white-space:nowrap\"><a name=\"x-http://snomed.info/sct-68031000052106\"> </a>\u00a0\u00a0<a href=\"http://snomed.info/id/68031000052106\">68031000052106</a></td><td>http://snomed.info/sct</td><td>medicinsk kuratorstuderande</td></tr><tr><td style=\"white-space:nowrap\"><a name=\"x-http://snomed.info/sct-68091000052107\"> </a>\u00a0\u00a0<a href=\"http://snomed.info/id/68091000052107\">68091000052107</a></td><td>http://snomed.info/sct</td><td>logopedstuderande</td></tr><tr><td style=\"white-space:nowrap\"><a name=\"x-http://snomed.info/sct-68101000052102\"> </a>\u00a0\u00a0<a href=\"http://snomed.info/id/68101000052102\">68101000052102</a></td><td>http://snomed.info/sct</td><td>psykologstuderande</td></tr><tr><td style=\"white-space:nowrap\"><a name=\"x-http://snomed.info/sct-68111000052100\"> </a>\u00a0\u00a0<a href=\"http://snomed.info/id/68111000052100\">68111000052100</a></td><td>http://snomed.info/sct</td><td>skötarstuderande</td></tr><tr><td style=\"white-space:nowrap\"><a name=\"x-http://snomed.info/sct-68131000052105\"> </a>\u00a0\u00a0<a href=\"http://snomed.info/id/68131000052105\">68131000052105</a></td><td>http://snomed.info/sct</td><td>undersköterskestuderande</td></tr><tr><td style=\"white-space:nowrap\"><a name=\"x-http://snomed.info/sct-68181000052109\"> </a>\u00a0\u00a0<a href=\"http://snomed.info/id/68181000052109\">68181000052109</a></td><td>http://snomed.info/sct</td><td>PTP-psykolog</td></tr><tr><td style=\"white-space:nowrap\"><a name=\"x-http://snomed.info/sct-68211000052105\"> </a>\u00a0\u00a0<a href=\"http://snomed.info/id/68211000052105\">68211000052105</a></td><td>http://snomed.info/sct</td><td>farmaceut</td></tr><tr><td style=\"white-space:nowrap\"><a name=\"x-http://snomed.info/sct-68221000052102\"> </a>\u00a0\u00a0<a href=\"http://snomed.info/id/68221000052102\">68221000052102</a></td><td>http://snomed.info/sct</td><td>uroterapeut</td></tr><tr><td style=\"white-space:nowrap\"><a name=\"x-http://snomed.info/sct-68231000052100\"> </a>\u00a0\u00a0<a href=\"http://snomed.info/id/68231000052100\">68231000052100</a></td><td>http://snomed.info/sct</td><td>barnsköterska</td></tr><tr><td style=\"white-space:nowrap\"><a name=\"x-http://snomed.info/sct-68241000052106\"> </a>\u00a0\u00a0<a href=\"http://snomed.info/id/68241000052106\">68241000052106</a></td><td>http://snomed.info/sct</td><td>skötare (inom psykiatrisk vård)</td></tr><tr><td style=\"white-space:nowrap\"><a name=\"x-http://snomed.info/sct-68251000052109\"> </a>\u00a0\u00a0<a href=\"http://snomed.info/id/68251000052109\">68251000052109</a></td><td>http://snomed.info/sct</td><td>brukarspecialist</td></tr><tr><td style=\"white-space:nowrap\"><a name=\"x-http://snomed.info/sct-68261000052107\"> </a>\u00a0\u00a0<a href=\"http://snomed.info/id/68261000052107\">68261000052107</a></td><td>http://snomed.info/sct</td><td>bildterapeut</td></tr><tr><td style=\"white-space:nowrap\"><a name=\"x-http://snomed.info/sct-68271000052103\"> </a>\u00a0\u00a0<a href=\"http://snomed.info/id/68271000052103\">68271000052103</a></td><td>http://snomed.info/sct</td><td>rehabiliteringsassistent</td></tr><tr><td style=\"white-space:nowrap\"><a name=\"x-http://snomed.info/sct-68301000052100\"> </a>\u00a0\u00a0<a href=\"http://snomed.info/id/68301000052100\">68301000052100</a></td><td>http://snomed.info/sct</td><td>habiliteringsassistent</td></tr><tr><td style=\"white-space:nowrap\"><a name=\"x-http://snomed.info/sct-68311000052103\"> </a>\u00a0\u00a0<a href=\"http://snomed.info/id/68311000052103\">68311000052103</a></td><td>http://snomed.info/sct</td><td>kurator</td></tr><tr><td style=\"white-space:nowrap\"><a name=\"x-http://snomed.info/sct-68321000052106\"> </a>\u00a0\u00a0<a href=\"http://snomed.info/id/68321000052106\">68321000052106</a></td><td>http://snomed.info/sct</td><td>teckenspråkslärare</td></tr><tr><td style=\"white-space:nowrap\"><a name=\"x-http://snomed.info/sct-68331000052108\"> </a>\u00a0\u00a0<a href=\"http://snomed.info/id/68331000052108\">68331000052108</a></td><td>http://snomed.info/sct</td><td>lärare i tecken som stöd</td></tr><tr><td style=\"white-space:nowrap\"><a name=\"x-http://snomed.info/sct-68341000052102\"> </a>\u00a0\u00a0<a href=\"http://snomed.info/id/68341000052102\">68341000052102</a></td><td>http://snomed.info/sct</td><td>fritidspedagog</td></tr><tr><td style=\"white-space:nowrap\"><a name=\"x-http://snomed.info/sct-68351000052104\"> </a>\u00a0\u00a0<a href=\"http://snomed.info/id/68351000052104\">68351000052104</a></td><td>http://snomed.info/sct</td><td>fritidskonsulent</td></tr><tr><td style=\"white-space:nowrap\"><a name=\"x-http://snomed.info/sct-68361000052101\"> </a>\u00a0\u00a0<a href=\"http://snomed.info/id/68361000052101\">68361000052101</a></td><td>http://snomed.info/sct</td><td>gipstekniker</td></tr><tr><td style=\"white-space:nowrap\"><a name=\"x-http://snomed.info/sct-68371000052105\"> </a>\u00a0\u00a0<a href=\"http://snomed.info/id/68371000052105\">68371000052105</a></td><td>http://snomed.info/sct</td><td>sjukhusfotograf</td></tr><tr><td style=\"white-space:nowrap\"><a name=\"x-http://snomed.info/sct-68381000052107\"> </a>\u00a0\u00a0<a href=\"http://snomed.info/id/68381000052107\">68381000052107</a></td><td>http://snomed.info/sct</td><td>medicinteknisk ingenjör</td></tr><tr><td style=\"white-space:nowrap\"><a name=\"x-http://snomed.info/sct-68391000052109\"> </a>\u00a0\u00a0<a href=\"http://snomed.info/id/68391000052109\">68391000052109</a></td><td>http://snomed.info/sct</td><td>hjälpmedelstekniker</td></tr><tr><td style=\"white-space:nowrap\"><a name=\"x-http://snomed.info/sct-68401000052107\"> </a>\u00a0\u00a0<a href=\"http://snomed.info/id/68401000052107\">68401000052107</a></td><td>http://snomed.info/sct</td><td>anaplastolog</td></tr><tr><td style=\"white-space:nowrap\"><a name=\"x-http://snomed.info/sct-68411000052109\"> </a>\u00a0\u00a0<a href=\"http://snomed.info/id/68411000052109\">68411000052109</a></td><td>http://snomed.info/sct</td><td>ergonom</td></tr><tr><td style=\"white-space:nowrap\"><a name=\"x-http://snomed.info/sct-68521000052100\"> </a>\u00a0\u00a0<a href=\"http://snomed.info/id/68521000052100\">68521000052100</a></td><td>http://snomed.info/sct</td><td>stomiterapeut</td></tr><tr><td style=\"white-space:nowrap\"><a name=\"x-http://snomed.info/sct-68551000052107\"> </a>\u00a0\u00a0<a href=\"http://snomed.info/id/68551000052107\">68551000052107</a></td><td>http://snomed.info/sct</td><td>röntgenbiträde</td></tr><tr><td style=\"white-space:nowrap\"><a name=\"x-http://snomed.info/sct-68561000052105\"> </a>\u00a0\u00a0<a href=\"http://snomed.info/id/68561000052105\">68561000052105</a></td><td>http://snomed.info/sct</td><td>synpedagog</td></tr><tr><td style=\"white-space:nowrap\"><a name=\"x-http://snomed.info/sct-68571000052101\"> </a>\u00a0\u00a0<a href=\"http://snomed.info/id/68571000052101\">68571000052101</a></td><td>http://snomed.info/sct</td><td>hörselpedagog</td></tr><tr><td style=\"white-space:nowrap\"><a name=\"x-http://snomed.info/sct-68601000052105\"> </a>\u00a0\u00a0<a href=\"http://snomed.info/id/68601000052105\">68601000052105</a></td><td>http://snomed.info/sct</td><td>yrkeshygieniker</td></tr></table></div>"
      },
      "url" : "http://hl7.se/fhir/ig/base/ValueSet/SEBaseSKRYrkeVS",
      "version" : "1.1.0",
      "name" : "SEBaseSKRYrkeVS",
      "title" : "SKR ValueSet for occupations",
      "status" : "active",
      "experimental" : false,
      "date" : "2025-05-20T13:02:08+02:00",
      "jurisdiction" : [{
        "coding" : [{
          "system" : "urn:iso:std:iso:3166",
          "code" : "SE"
        }]
      }],
      "expansion" : {
        "extension" : [{
          "url" : "http://hl7.org/fhir/StructureDefinition/valueset-unclosed",
          "valueBoolean" : true
        }],
        "identifier" : "urn:uuid:f6bac544-50bf-4afc-b714-5f369e6449ba",
        "timestamp" : "2025-05-20T13:03:16+02:00",
        "offset" : 0,
        "parameter" : [{
          "name" : "displayLanguage",
          "valueCode" : "sv-SE"
        },
        {
          "name" : "count",
          "valueInteger" : 1000
        },
        {
          "name" : "offset",
          "valueInteger" : 0
        },
        {
          "name" : "excludeNested",
          "valueBoolean" : false
        },
        {
          "name" : "used-valueset",
          "valueUri" : "null"
        },
        {
          "name" : "used-codesystem",
          "valueUri" : "http://snomed.info/sct|http://snomed.info/sct/45991000052106/version/20231130"
        },
        {
          "name" : "version",
          "valueUri" : "http://snomed.info/sct|http://snomed.info/sct/45991000052106/version/20231130"
        },
        {
          "name" : "excludeNested",
          "valueBoolean" : true
        }],
        "contains" : [{
          "system" : "http://snomed.info/sct",
          "code" : "3842006",
          "display" : "kiropraktor"
        },
        {
          "system" : "http://snomed.info/sct",
          "code" : "26042002",
          "display" : "tandhygienist"
        },
        {
          "system" : "http://snomed.info/sct",
          "code" : "28229004",
          "display" : "optiker"
        },
        {
          "system" : "http://snomed.info/sct",
          "code" : "36682004",
          "display" : "sjukgymnast"
        },
        {
          "system" : "http://snomed.info/sct",
          "code" : "46255001",
          "display" : "apotekare"
        },
        {
          "system" : "http://snomed.info/sct",
          "code" : "59944000",
          "display" : "psykolog"
        },
        {
          "system" : "http://snomed.info/sct",
          "code" : "80546007",
          "display" : "arbetsterapeut"
        },
        {
          "system" : "http://snomed.info/sct",
          "code" : "106289002",
          "display" : "tandläkare"
        },
        {
          "system" : "http://snomed.info/sct",
          "code" : "106292003",
          "display" : "sjuksköterska"
        },
        {
          "system" : "http://snomed.info/sct",
          "code" : "158950001",
          "display" : "hälso- och sjukvårdskurator"
        },
        {
          "system" : "http://snomed.info/sct",
          "code" : "159017007",
          "display" : "röntgensjuksköterska"
        },
        {
          "system" : "http://snomed.info/sct",
          "code" : "159026005",
          "display" : "logoped"
        },
        {
          "system" : "http://snomed.info/sct",
          "code" : "159033005",
          "display" : "dietist"
        },
        {
          "system" : "http://snomed.info/sct",
          "code" : "224588003",
          "display" : "psykoterapeut"
        },
        {
          "system" : "http://snomed.info/sct",
          "code" : "309418004",
          "display" : "audionom"
        },
        {
          "system" : "http://snomed.info/sct",
          "code" : "309428008",
          "display" : "ortopedingenjör"
        },
        {
          "system" : "http://snomed.info/sct",
          "code" : "309453006",
          "display" : "legitimerad barnmorska"
        },
        {
          "system" : "http://snomed.info/sct",
          "code" : "386626000",
          "display" : "biomedicinsk analytiker"
        },
        {
          "system" : "http://snomed.info/sct",
          "code" : "1254952007",
          "display" : "sjukhusfysiker"
        },
        {
          "system" : "http://snomed.info/sct",
          "code" : "68081000052105",
          "display" : "legitimerad läkare"
        },
        {
          "system" : "http://snomed.info/sct",
          "code" : "68171000052107",
          "display" : "naprapat"
        },
        {
          "system" : "http://snomed.info/sct",
          "code" : "68201000052108",
          "display" : "receptarie"
        },
        {
          "system" : "http://snomed.info/sct",
          "code" : "4162009",
          "display" : "tandsköterska"
        },
        {
          "system" : "http://snomed.info/sct",
          "code" : "40570005",
          "display" : "tolk"
        },
        {
          "system" : "http://snomed.info/sct",
          "code" : "59169001",
          "display" : "ortopedtekniker"
        },
        {
          "system" : "http://snomed.info/sct",
          "code" : "106308006",
          "display" : "förskollärare"
        },
        {
          "system" : "http://snomed.info/sct",
          "code" : "106309003",
          "display" : "speciallärare"
        },
        {
          "system" : "http://snomed.info/sct",
          "code" : "159005005",
          "display" : "sjuksköterskestuderande"
        },
        {
          "system" : "http://snomed.info/sct",
          "code" : "159034004",
          "display" : "fotvårdsspecialist"
        },
        {
          "system" : "http://snomed.info/sct",
          "code" : "159039009",
          "display" : "audiologtekniker"
        },
        {
          "system" : "http://snomed.info/sct",
          "code" : "159282002",
          "display" : "laboratorietekniker"
        },
        {
          "system" : "http://snomed.info/sct",
          "code" : "160008000",
          "display" : "tandtekniker"
        },
        {
          "system" : "http://snomed.info/sct",
          "code" : "184152007",
          "display" : "vårdbiträde"
        },
        {
          "system" : "http://snomed.info/sct",
          "code" : "224577009",
          "display" : "undersköterska"
        },
        {
          "system" : "http://snomed.info/sct",
          "code" : "224587008",
          "display" : "arbetsterapibiträde"
        },
        {
          "system" : "http://snomed.info/sct",
          "code" : "224590002",
          "display" : "lekterapeut"
        },
        {
          "system" : "http://snomed.info/sct",
          "code" : "307984008",
          "display" : "behandlingsassistent"
        },
        {
          "system" : "http://snomed.info/sct",
          "code" : "309404006",
          "display" : "sjukgymnastassistent"
        },
        {
          "system" : "http://snomed.info/sct",
          "code" : "309411005",
          "display" : "dansterapeut"
        },
        {
          "system" : "http://snomed.info/sct",
          "code" : "309412003",
          "display" : "musikterapeut"
        },
        {
          "system" : "http://snomed.info/sct",
          "code" : "309454000",
          "display" : "barnmorskestuderande"
        },
        {
          "system" : "http://snomed.info/sct",
          "code" : "310194009",
          "display" : "hjälpmedelskonsulent"
        },
        {
          "system" : "http://snomed.info/sct",
          "code" : "394572006",
          "display" : "läkarsekreterare"
        },
        {
          "system" : "http://snomed.info/sct",
          "code" : "397897005",
          "display" : "ambulansjukvårdare"
        },
        {
          "system" : "http://snomed.info/sct",
          "code" : "398130009",
          "display" : "läkarstuderande"
        },
        {
          "system" : "http://snomed.info/sct",
          "code" : "409974004",
          "display" : "hälsopedagog"
        },
        {
          "system" : "http://snomed.info/sct",
          "code" : "721942007",
          "display" : "hjärt-kärlperfusionist"
        },
        {
          "system" : "http://snomed.info/sct",
          "code" : "768822006",
          "display" : "rehabiliteringssamordnare"
        },
        {
          "system" : "http://snomed.info/sct",
          "code" : "67951000052104",
          "display" : "arbetsterapeutstuderande"
        },
        {
          "system" : "http://snomed.info/sct",
          "code" : "67961000052101",
          "display" : "audionomstuderande"
        },
        {
          "system" : "http://snomed.info/sct",
          "code" : "67971000052105",
          "display" : "dietiststuderande"
        },
        {
          "system" : "http://snomed.info/sct",
          "code" : "67991000052109",
          "display" : "farmaceutstuderande"
        },
        {
          "system" : "http://snomed.info/sct",
          "code" : "68001000052103",
          "display" : "fysioterapeutstuderande"
        },
        {
          "system" : "http://snomed.info/sct",
          "code" : "68031000052106",
          "display" : "medicinsk kuratorstuderande"
        },
        {
          "system" : "http://snomed.info/sct",
          "code" : "68091000052107",
          "display" : "logopedstuderande"
        },
        {
          "system" : "http://snomed.info/sct",
          "code" : "68101000052102",
          "display" : "psykologstuderande"
        },
        {
          "system" : "http://snomed.info/sct",
          "code" : "68111000052100",
          "display" : "skötarstuderande"
        },
        {
          "system" : "http://snomed.info/sct",
          "code" : "68131000052105",
          "display" : "undersköterskestuderande"
        },
        {
          "system" : "http://snomed.info/sct",
          "code" : "68181000052109",
          "display" : "PTP-psykolog"
        },
        {
          "system" : "http://snomed.info/sct",
          "code" : "68211000052105",
          "display" : "farmaceut"
        },
        {
          "system" : "http://snomed.info/sct",
          "code" : "68221000052102",
          "display" : "uroterapeut"
        },
        {
          "system" : "http://snomed.info/sct",
          "code" : "68231000052100",
          "display" : "barnsköterska"
        },
        {
          "system" : "http://snomed.info/sct",
          "code" : "68241000052106",
          "display" : "skötare (inom psykiatrisk vård)"
        },
        {
          "system" : "http://snomed.info/sct",
          "code" : "68251000052109",
          "display" : "brukarspecialist"
        },
        {
          "system" : "http://snomed.info/sct",
          "code" : "68261000052107",
          "display" : "bildterapeut"
        },
        {
          "system" : "http://snomed.info/sct",
          "code" : "68271000052103",
          "display" : "rehabiliteringsassistent"
        },
        {
          "system" : "http://snomed.info/sct",
          "code" : "68301000052100",
          "display" : "habiliteringsassistent"
        },
        {
          "system" : "http://snomed.info/sct",
          "code" : "68311000052103",
          "display" : "kurator"
        },
        {
          "system" : "http://snomed.info/sct",
          "code" : "68321000052106",
          "display" : "teckenspråkslärare"
        },
        {
          "system" : "http://snomed.info/sct",
          "code" : "68331000052108",
          "display" : "lärare i tecken som stöd"
        },
        {
          "system" : "http://snomed.info/sct",
          "code" : "68341000052102",
          "display" : "fritidspedagog"
        },
        {
          "system" : "http://snomed.info/sct",
          "code" : "68351000052104",
          "display" : "fritidskonsulent"
        },
        {
          "system" : "http://snomed.info/sct",
          "code" : "68361000052101",
          "display" : "gipstekniker"
        },
        {
          "system" : "http://snomed.info/sct",
          "code" : "68371000052105",
          "display" : "sjukhusfotograf"
        },
        {
          "system" : "http://snomed.info/sct",
          "code" : "68381000052107",
          "display" : "medicinteknisk ingenjör"
        },
        {
          "system" : "http://snomed.info/sct",
          "code" : "68391000052109",
          "display" : "hjälpmedelstekniker"
        },
        {
          "system" : "http://snomed.info/sct",
          "code" : "68401000052107",
          "display" : "anaplastolog"
        },
        {
          "system" : "http://snomed.info/sct",
          "code" : "68411000052109",
          "display" : "ergonom"
        },
        {
          "system" : "http://snomed.info/sct",
          "code" : "68521000052100",
          "display" : "stomiterapeut"
        },
        {
          "system" : "http://snomed.info/sct",
          "code" : "68551000052107",
          "display" : "röntgenbiträde"
        },
        {
          "system" : "http://snomed.info/sct",
          "code" : "68561000052105",
          "display" : "synpedagog"
        },
        {
          "system" : "http://snomed.info/sct",
          "code" : "68571000052101",
          "display" : "hörselpedagog"
        },
        {
          "system" : "http://snomed.info/sct",
          "code" : "68601000052105",
          "display" : "yrkeshygieniker"
        }]
      }
    }
  },
  {
    "fullUrl" : "http://hl7.se/fhir/ig/base/ValueSet/SecurityLabelVS",
    "resource" : {
      "resourceType" : "ValueSet",
      "text" : {
        "status" : "generated",
        "div" : "<div xmlns=\"http://www.w3.org/1999/xhtml\"><p class=\"res-header-id\"><b>ValueSet </b></p><div style=\"border: black 1px dotted; background-color: #EEEEEE; padding: 8px; margin-bottom: 8px\"><p>Expansion performed internally based on:</p><ul><li><a href=\"CodeSystem-SecurityLabel.html\">codesystem SE CodeSystem security labels v1.1.0 (CodeSystem)</a></li><li><a href=\"http://terminology.hl7.org/6.3.0/CodeSystem-v3-ActCode.html\">codesystem ActCode v9.0.0 (CodeSystem)</a></li></ul></div><p>This value set contains 3 concepts</p><table class=\"codes\"><tr><td style=\"white-space:nowrap\"><b>Code</b></td><td><b>System</b></td><td><b>Display (sv-SE)</b></td><td><b>Definition</b></td></tr><tr><td style=\"white-space:nowrap\"><a name=\"x-http://terminology.hl7.org/CodeSystem/v3-ActCode-DEMO\"> </a>\u00a0\u00a0<a href=\"http://terminology.hl7.org/6.3.0/CodeSystem-v3-ActCode.html#v3-ActCode-DEMO\">DEMO</a></td><td>http://terminology.hl7.org/CodeSystem/v3-ActCode</td><td>all demographic information sensitivity</td><td><div><p>Policy for handling all demographic information about an information subject, which will be afforded heightened confidentiality. Policies may govern sensitivity of information related to all demographic about an information subject, the disclosure of which could impact the privacy, well-being, or safety of that subject.</p>\n<p><em>Usage Note:</em> If there is a jurisdictional mandate, then use the applicable ActPrivacyLaw code system, and specify the law rather than or in addition to this more generic code.</p>\n</div></td></tr><tr><td style=\"white-space:nowrap\"><a name=\"x-http://hl7.se/fhir/ig/base/CodeSystem/SecurityLabel-sekretessmarkering\"> </a>\u00a0\u00a0<a href=\"CodeSystem-SecurityLabel.html#SecurityLabel-sekretessmarkering\">sekretessmarkering</a></td><td>http://hl7.se/fhir/ig/base/CodeSystem/SecurityLabel</td><td/><td><div><p>Protected demographic information according to 22 kap. 1 § OSL (Offentlighets- och sekretesslagen)</p>\n</div></td></tr><tr><td style=\"white-space:nowrap\"><a name=\"x-http://hl7.se/fhir/ig/base/CodeSystem/SecurityLabel-skyddadFolkbokforing\"> </a>\u00a0\u00a0<a href=\"CodeSystem-SecurityLabel.html#SecurityLabel-skyddadFolkbokforing\">skyddadFolkbokforing</a></td><td>http://hl7.se/fhir/ig/base/CodeSystem/SecurityLabel</td><td/><td><div><p>Protected demographic information according to Skatteverket</p>\n</div></td></tr></table></div>"
      },
      "url" : "http://hl7.se/fhir/ig/base/ValueSet/SecurityLabelVS",
      "version" : "1.1.0",
      "name" : "SecurityLabelVS",
      "title" : "SE ValueSet security labels",
      "status" : "active",
      "experimental" : false,
      "date" : "2025-05-20T13:02:08+02:00",
      "jurisdiction" : [{
        "coding" : [{
          "system" : "urn:iso:std:iso:3166",
          "code" : "SE"
        }]
      }],
      "expansion" : {
        "identifier" : "urn:uuid:eeedf503-f57d-423a-ab2d-ecf0022b3e1e",
        "timestamp" : "2025-05-20T13:03:16+02:00",
        "total" : 3,
        "offset" : 0,
        "parameter" : [{
          "name" : "displayLanguage",
          "valueCode" : "sv-SE"
        },
        {
          "name" : "count",
          "valueInteger" : 1000
        },
        {
          "name" : "offset",
          "valueInteger" : 0
        },
        {
          "name" : "excludeNested",
          "valueBoolean" : false
        },
        {
          "name" : "used-codesystem",
          "valueUri" : "http://terminology.hl7.org/CodeSystem/v3-ActCode|9.0.0"
        },
        {
          "name" : "used-codesystem",
          "valueUri" : "http://hl7.se/fhir/ig/base/CodeSystem/SecurityLabel|1.1.0"
        }],
        "contains" : [{
          "system" : "http://terminology.hl7.org/CodeSystem/v3-ActCode",
          "code" : "DEMO",
          "display" : "all demographic information sensitivity"
        },
        {
          "system" : "http://hl7.se/fhir/ig/base/CodeSystem/SecurityLabel",
          "code" : "sekretessmarkering"
        },
        {
          "system" : "http://hl7.se/fhir/ig/base/CodeSystem/SecurityLabel",
          "code" : "skyddadFolkbokforing"
        }]
      }
    }
  }]
}