URL,Version,Status,OIDs,Name,Title,Description,Used
http://hl7.se/fhir/ig/base/CodeSystem/SecurityLabel,1.1.0,active,,SecurityLabelCS,SE CodeSystem security labels,"This is the CodeSystem for security labels in accordance with the swedish authorities","ValueSet/SecurityLabelVS"
http://hl7.se/fhir/ig/base/CodeSystem/se-base-marital-status,1.1.0,active,,SEBaseMaritalStatusCS,SE CodeSystem for marital status,"This is the CodeSystem for marital status in accordance with the Swedish authorities (Skatteverket Navet)","ValueSet/SEBaseMaritalStatusVS"
http://snomed.info/sct,null,active,"2.16.840.1.113883.6.96",SNOMED_CT,SNOMED CT (all versions),"SNOMED CT is the most comprehensive and precise clinical health terminology product in the world, owned and distributed around the world by The International Health Terminology Standards Development Organisation (IHTSDO).","ValueSet/SEBaseAddressPersonVS,ValueSet/SEBaseSKRYrkeVS,ValueSet/SEBaseSKRYrkeSpecialtyVS"
http://terminology.hl7.org/CodeSystem/v3-ActCode,9.0.0,active,"2.16.840.1.113883.5.4",ActCode,ActCode,"A code specifying the particular kind of Act that the Act-instance represents within its class.    *Constraints:* The kind of Act (e.g. physical examination, serum potassium, inpatient encounter, charge financial transaction, etc.) is specified with a code from one of several, typically external, coding systems. The coding system will depend on the class of Act, such as LOINC for observations, etc.    Conceptually, the Act.code must be a specialization of the Act.classCode. This is why the structure of ActClass domain should be reflected in the superstructure of the ActCode domain and then individual codes or externally referenced vocabularies subordinated under these domains that reflect the ActClass structure.    Act.classCode and Act.code are not modifiers of each other but the Act.code concept should really imply the Act.classCode concept. For a negative example, it is not appropriate to use an Act.code ""potassium"" together with and Act.classCode for ""laboratory observation"" to somehow mean ""potassium laboratory observation"" and then use the same Act.code for ""potassium"" together with Act.classCode for ""medication"" to mean ""substitution of potassium"". This mutually modifying use of Act.code and Act.classCode is not permitted.","ValueSet/SecurityLabelVS"
http://terminology.hl7.org/CodeSystem/v3-EntityNamePartQualifierR2,3.0.0,active,"2.16.840.1.113883.5.1122",EntityNamePartQualifierR2,EntityNamePartQualifierR2,"**Description:**The qualifier is a set of codes each of which specifies a certain subcategory of the name part in addition to the main name part type. For example, a given name may be flagged as a nickname, a family name may be a pseudonym or a name of public records.","ValueSet/SEBaseNamePartQualifierVS"
http://terminology.hl7.org/CodeSystem/v3-MaritalStatus,3.0.0,active,"2.16.840.1.113883.5.2",MaritalStatus,MaritalStatus,"\* \* \* No description supplied \* \* \*    *Open Issue:* The specific meanings of these codes can vary somewhat by jurisdiction and implementation so caution should be used when determining equivalency.    *Open Issue:* fixing and completion of the hierarchy and proper good definitions of all the concepts is badly needed.","ValueSet/SEBaseMaritalStatusVS"
