{
  "resourceType" : "Patient",
  "id" : "PatientExample196101182803",
  "meta" : {
    "profile" : ["http://hl7.se/fhir/ig/base/StructureDefinition/SEBasePatient"]
  },
  "text" : {
    "status" : "generated",
    "div" : "<div xmlns=\"http://www.w3.org/1999/xhtml\"><p class=\"res-header-id\"><b>Generated Narrative: Patient PatientExample196101182803</b></p><a name=\"PatientExample196101182803\"> </a><a name=\"hcPatientExample196101182803\"> </a><a name=\"PatientExample196101182803-sv-SE\"> </a><div style=\"display: inline-block; background-color: #d9e0e7; padding: 6px; margin: 4px; border: 1px solid #8da1b4; border-radius: 5px; line-height: 60%\"><p style=\"margin-bottom: 0px\"/><p style=\"margin-bottom: 0px\">Profile: <a href=\"StructureDefinition-SEBasePatient.html\">SE base profil for patient</a></p></div><p style=\"border: 1px #661aff solid; background-color: #e6e6ff; padding: 10px;\">Maria Ljungberg(official) Female, DoB: 1961-01-18 ( http://electronichealth.se/identifier/personnummer#196101182803)</p><hr/><table class=\"grid\"><tr><td style=\"background-color: #f3f5da\" title=\"Known Marital status of Patient\">Marital Status:</td><td colspan=\"3\"><span title=\"Codes:{http://terminology.hl7.org/CodeSystem/v3-MaritalStatus M}\">Married</span></td></tr><tr><td style=\"background-color: #f3f5da\" title=\"Ways to contact the Patient\">Contact Detail</td><td colspan=\"3\">Vänervägen 7 VÄSTRA FRÖLUNDA 42140 </td></tr></table></div>"
  },
  "identifier" : [{
    "system" : "http://electronichealth.se/identifier/personnummer",
    "value" : "196101182803"
  }],
  "name" : [{
    "use" : "official",
    "text" : "Maria Ljungberg",
    "family" : "Ljungberg",
    "given" : ["Maria",
    "Birgitta"],
    "_given" : [{
      "extension" : [{
        "url" : "http://hl7.org/fhir/StructureDefinition/iso21090-EN-qualifier",
        "valueCode" : "CL"
      }]
    },
    null]
  }],
  "gender" : "female",
  "birthDate" : "1961-01-18",
  "address" : [{
    "extension" : [{
      "url" : "http://hl7.se/fhir/ig/base/StructureDefinition/SEBaseAddressPersonExtension",
      "valueCodeableConcept" : {
        "coding" : [{
          "system" : "http://snomed.info/sct",
          "version" : "http://snomed.info/sct/45991000052106",
          "code" : "63381000052101",
          "display" : "folkbokföringsadress"
        }]
      }
    }],
    "line" : ["Vänervägen 7"],
    "city" : "VÄSTRA FRÖLUNDA",
    "postalCode" : "42140"
  }],
  "maritalStatus" : {
    "coding" : [{
      "system" : "http://terminology.hl7.org/CodeSystem/v3-MaritalStatus",
      "code" : "M",
      "display" : "Married"
    }]
  }
}