{
  "resourceType" : "Patient",
  "id" : "PatientExample196109732393",
  "meta" : {
    "profile" : ["http://hl7.se/fhir/ig/base/StructureDefinition/SEBasePatient"]
  },
  "text" : {
    "status" : "generated",
    "div" : "<div xmlns=\"http://www.w3.org/1999/xhtml\"><p class=\"res-header-id\"><b>Generated Narrative: Patient PatientExample196109732393</b></p><a name=\"PatientExample196109732393\"> </a><a name=\"hcPatientExample196109732393\"> </a><a name=\"PatientExample196109732393-sv-SE\"> </a><div style=\"display: inline-block; background-color: #d9e0e7; padding: 6px; margin: 4px; border: 1px solid #8da1b4; border-radius: 5px; line-height: 60%\"><p style=\"margin-bottom: 0px\"/><p style=\"margin-bottom: 0px\">Profile: <a href=\"StructureDefinition-SEBasePatient.html\">SE base profil for patient</a></p></div><p style=\"border: 1px #661aff solid; background-color: #e6e6ff; padding: 10px;\">Tom Smith(official) Male, DoB: 1961-09-13 ( http://electronichealth.se/identifier/samordningsnummer#196109732393)</p><hr/><table class=\"grid\"><tr><td style=\"background-color: #f3f5da\" title=\"Ways to contact the Patient\">Contact Detail</td><td colspan=\"3\">SANDÅSGATAN 2 STOCKHOLM 11327 </td></tr></table></div>"
  },
  "identifier" : [{
    "system" : "http://electronichealth.se/identifier/samordningsnummer",
    "value" : "196109732393"
  }],
  "name" : [{
    "use" : "official",
    "text" : "Tom Smith",
    "family" : "Smith",
    "given" : ["Tom"]
  }],
  "gender" : "male",
  "birthDate" : "1961-09-13",
  "address" : [{
    "extension" : [{
      "url" : "http://hl7.se/fhir/ig/base/StructureDefinition/SEBaseAddressPersonExtension",
      "valueCodeableConcept" : {
        "coding" : [{
          "system" : "http://snomed.info/sct",
          "version" : "http://snomed.info/sct/45991000052106",
          "code" : "63391000052104",
          "display" : "särskild postadress"
        }]
      }
    }],
    "line" : ["SANDÅSGATAN 2"],
    "city" : "STOCKHOLM",
    "postalCode" : "11327"
  }]
}