{
  "resourceType" : "Patient",
  "id" : "PatientExample1",
  "meta" : {
    "profile" : ["http://hl7.se/fhir/ig/base/StructureDefinition/SEBasePatient"],
    "security" : [{
      "system" : "http://terminology.hl7.org/CodeSystem/v3-ActCode",
      "code" : "DEMO"
    },
    {
      "system" : "http://hl7.se/fhir/ig/base/CodeSystem/SecurityLabel",
      "code" : "sekretessmarkering"
    }]
  },
  "text" : {
    "status" : "generated",
    "div" : "<div xmlns=\"http://www.w3.org/1999/xhtml\"><p class=\"res-header-id\"><b>Generated Narrative: Patient PatientExample1</b></p><a name=\"PatientExample1\"> </a><a name=\"hcPatientExample1\"> </a><a name=\"PatientExample1-sv-SE\"> </a><div style=\"display: inline-block; background-color: #d9e0e7; padding: 6px; margin: 4px; border: 1px solid #8da1b4; border-radius: 5px; line-height: 60%\"><p style=\"margin-bottom: 0px\"/><p style=\"margin-bottom: 0px\">Profile: <a href=\"StructureDefinition-SEBasePatient.html\">SE base profil for patient</a></p><p style=\"margin-bottom: 0px\">Security Labels: all demographic information sensitivity (Details: ActCode code DEMO = 'all demographic information sensitivity'), Sekretessmarkering (Details: SE CodeSystem security labels code sekretessmarkering = 'Sekretessmarkering')</p></div><p style=\"border: 1px #661aff solid; background-color: #e6e6ff; padding: 10px;\">John Bob Goode Johansson(official) Male, DoB: 1950-09-07 ( http://electronichealth.se/identifier/personnummer#195009072553)</p><hr/><table class=\"grid\"><tr><td style=\"background-color: #f3f5da\" title=\"Known Marital status of Patient\">Marital Status:</td><td colspan=\"3\"><span title=\"Codes:{http://hl7.se/fhir/ig/base/CodeSystem/se-base-marital-status RP}\">Registrerad partner</span></td></tr><tr><td style=\"background-color: #f3f5da\" title=\"Ways to contact the Patient\">Contact Detail</td><td colspan=\"3\">2120 S Michigan Ave Chicago 60616 US </td></tr></table></div>"
  },
  "identifier" : [{
    "system" : "http://electronichealth.se/identifier/personnummer",
    "value" : "195009072553"
  }],
  "name" : [{
    "extension" : [{
      "url" : "http://hl7.se/fhir/ig/base/StructureDefinition/SEBaseMiddleNameExtension",
      "valueString" : "Johansson"
    },
    {
      "url" : "http://hl7.se/fhir/ig/base/StructureDefinition/SEBaseOwnFamilyExtension",
      "valueString" : "Goode"
    }],
    "use" : "official",
    "text" : "John Bob Goode Johansson",
    "family" : "Goode Johansson",
    "given" : ["John",
    "Bob"],
    "_given" : [{
      "extension" : [{
        "url" : "http://hl7.org/fhir/StructureDefinition/iso21090-EN-qualifier",
        "valueCode" : "CL"
      }]
    },
    null]
  }],
  "gender" : "male",
  "birthDate" : "1950-09-07",
  "address" : [{
    "extension" : [{
      "url" : "http://hl7.se/fhir/ig/base/StructureDefinition/SEBaseAddressPersonExtension",
      "valueCodeableConcept" : {
        "coding" : [{
          "system" : "http://snomed.info/sct",
          "version" : "http://snomed.info/sct/45991000052106",
          "code" : "63401000052101",
          "display" : "utlandsadress"
        }]
      }
    }],
    "line" : ["2120 S Michigan Ave"],
    "city" : "Chicago",
    "postalCode" : "60616",
    "country" : "US"
  }],
  "maritalStatus" : {
    "coding" : [{
      "system" : "http://hl7.se/fhir/ig/base/CodeSystem/se-base-marital-status",
      "code" : "RP",
      "display" : "Registrerad partner"
    }]
  }
}