<?xml version="1.0" encoding="UTF-8"?>

<ValueSet xmlns="http://hl7.org/fhir">
  <id value="SEBaseSOSNYKVS"/>
  <text>
    <status value="generated"/><div xmlns="http://www.w3.org/1999/xhtml"><p class="res-header-id"><b>Generated Narrative: ValueSet SEBaseSOSNYKVS</b></p><a name="SEBaseSOSNYKVS"> </a><a name="hcSEBaseSOSNYKVS"> </a><a name="SEBaseSOSNYKVS-sv-SE"> </a><ul><li>Include all codes defined in <code>urn:oid:1.2.752.116.1.3.6</code></li></ul></div>
  </text>
  <url value="http://hl7.se/fhir/ig/base/ValueSet/SEBaseSOSNYKVS"/>
  <version value="1.1.0"/>
  <name value="SEBaseSOSNYKVS"/>
  <title value="ValueSet for occupation codes from the National Board of Health and Welfare (SOSNYK)"/>
  <status value="active"/>
  <experimental value="false"/>
  <date value="2025-05-20T13:02:08+02:00"/>
  <publisher value="HL7 Sweden"/>
  <contact>
    <name value="HL7 Sweden"/>
    <telecom>
      <system value="url"/>
      <value value="http://hl7.se/"/>
    </telecom>
    <telecom>
      <system value="email"/>
      <value value="info@hl7.se"/>
    </telecom>
  </contact>
  <description value="The code system for professional categories is developed to be used in digital documentation, for reporting to registers, etc."/>
  <jurisdiction>
    <coding>
      <system value="urn:iso:std:iso:3166"/>
      <code value="SE"/>
    </coding>
  </jurisdiction>
  <compose>
    <include>
      <system value="urn:oid:1.2.752.116.1.3.6"/>
    </include>
  </compose>
</ValueSet>