URL,Version,Status,OIDs,Name,Title,Descriptino,Uses,Used,Sources
http://hl7.se/fhir/ig/base/ValueSet/SEBaseAddressPersonVS,1.1.0,active,,SEBaseAddressPersonVS,SE ValueSet for official address types,"This is the ValueSet for address type in accordance with the Swedish authorities",,"SCT"
http://hl7.se/fhir/ig/base/ValueSet/SEBaseHOSPLegitimationsYrkeVS,1.1.0,active,,SEBaseHOSPLegitimationsYrkeVS,ValueSet for certification occupation from HOSP,"Certified occupations as listed in the Register of Authorised Healthcare Professionals (HOSP)",,"Other"
http://hl7.se/fhir/ig/base/ValueSet/SEBaseHSABefattningVS,1.1.0,active,,SEBaseHSABefattningVS,Valueset for HSA occupational positions in healthcare,"The code system is used in the data element 'paTitleCode' in the HSA catalogue",,"Other"
http://hl7.se/fhir/ig/base/ValueSet/SEBaseHSAVerksamhetVS,1.1.0,active,,SEBaseHSAVerksamhetVS,HSA valueset for business classification codes,"Codes used to describe the type of care activities an entity can provide.",,"Other"
http://hl7.se/fhir/ig/base/ValueSet/SEBaseMaritalStatusVS,1.1.0,active,,SEBaseMaritalStatusVS,SE ValueSet for marital status,"This is a value set of marital status types that include both the HL7 official codesystem and the ones specific from the Swedish authorities.",,"THO (V3),Internal"
http://hl7.se/fhir/ig/base/ValueSet/SEBaseNamePartQualifierVS,1.1.0,active,,SEBaseNamePartQualifierVS,SE ValueSet for preferred name,"This is the ValueSet for a code used on the name that is the preferred name. I.e, the name that is the official name the person would like to be called by according to the national person registry",,"THO (V3)"
http://hl7.se/fhir/ig/base/ValueSet/SEBaseSKRYrkeSpecialtyVS,1.1.0,active,,SEBaseSKRYrkeSpecialtyVS,SKR ValueSet for clinical specialties,"SKR ValueSet for clinical specialties",,"SCT"
http://hl7.se/fhir/ig/base/ValueSet/SEBaseSKRYrkeVS,1.1.0,active,,SEBaseSKRYrkeVS,SKR ValueSet for occupations,"SKR ValueSet for occupations",,"SCT"
http://hl7.se/fhir/ig/base/ValueSet/SEBaseSOSNYKVS,1.1.0,active,,SEBaseSOSNYKVS,ValueSet for occupation codes from the National Board of Health and Welfare (SOSNYK),"The code system for professional categories is developed to be used in digital documentation, for reporting to registers, etc.",,"Other"
http://hl7.se/fhir/ig/base/ValueSet/SecurityLabelVS,1.1.0,active,,SecurityLabelVS,SE ValueSet security labels,"This is the ValueSet for security labels in accordance with the swedish authorities",,"THO (V3),Internal"
