<?xml version="1.0" encoding="UTF-8"?>

<ValueSet xmlns="http://hl7.org/fhir">
  <id value="SEBaseHOSPLegitimationsYrkeVS"/>
  <text>
    <status value="generated"/><div xmlns="http://www.w3.org/1999/xhtml"><p class="res-header-id"><b>Generated Narrative: ValueSet SEBaseHOSPLegitimationsYrkeVS</b></p><a name="SEBaseHOSPLegitimationsYrkeVS"> </a><a name="hcSEBaseHOSPLegitimationsYrkeVS"> </a><a name="SEBaseHOSPLegitimationsYrkeVS-sv-SE"> </a><ul><li>Include all codes defined in <code>urn:oid:1.2.752.116.3.1.3</code></li></ul></div>
  </text>
  <url value="http://hl7.se/fhir/ig/base/ValueSet/SEBaseHOSPLegitimationsYrkeVS"/>
  <version value="1.1.0"/>
  <name value="SEBaseHOSPLegitimationsYrkeVS"/>
  <title value="ValueSet for certification occupation from HOSP"/>
  <status value="active"/>
  <experimental value="false"/>
  <date value="2025-05-20T13:02:08+02:00"/>
  <publisher value="HL7 Sweden"/>
  <contact>
    <name value="HL7 Sweden"/>
    <telecom>
      <system value="url"/>
      <value value="http://hl7.se/"/>
    </telecom>
    <telecom>
      <system value="email"/>
      <value value="info@hl7.se"/>
    </telecom>
  </contact>
  <description value="Certified occupations as listed in the Register of Authorised Healthcare Professionals (HOSP)"/>
  <jurisdiction>
    <coding>
      <system value="urn:iso:std:iso:3166"/>
      <code value="SE"/>
    </coding>
  </jurisdiction>
  <compose>
    <include>
      <system value="urn:oid:1.2.752.116.3.1.3"/>
    </include>
  </compose>
</ValueSet>