{
  "resourceType" : "ValueSet",
  "id" : "SEBaseHSAVerksamhetVS",
  "text" : {
    "status" : "generated",
    "div" : "<div xmlns=\"http://www.w3.org/1999/xhtml\"><p class=\"res-header-id\"><b>Generated Narrative: ValueSet SEBaseHSAVerksamhetVS</b></p><a name=\"SEBaseHSAVerksamhetVS\"> </a><a name=\"hcSEBaseHSAVerksamhetVS\"> </a><a name=\"SEBaseHSAVerksamhetVS-sv-SE\"> </a><ul><li>Include all codes defined in <code>urn:oid:1.2.752.129.2.2.1.3</code></li></ul></div>"
  },
  "url" : "http://hl7.se/fhir/ig/base/ValueSet/SEBaseHSAVerksamhetVS",
  "version" : "1.1.0",
  "name" : "SEBaseHSAVerksamhetVS",
  "title" : "HSA valueset for business classification codes",
  "status" : "active",
  "experimental" : false,
  "date" : "2025-05-20T13:02:08+02:00",
  "publisher" : "HL7 Sweden",
  "contact" : [{
    "name" : "HL7 Sweden",
    "telecom" : [{
      "system" : "url",
      "value" : "http://hl7.se/"
    },
    {
      "system" : "email",
      "value" : "info@hl7.se"
    }]
  }],
  "description" : "Codes used to describe the type of care activities an entity can provide.",
  "jurisdiction" : [{
    "coding" : [{
      "system" : "urn:iso:std:iso:3166",
      "code" : "SE"
    }]
  }],
  "compose" : {
    "include" : [{
      "system" : "urn:oid:1.2.752.129.2.2.1.3"
    }]
  }
}